{
	"CommandBrain01": {
		"designable": 1,
		"droidType": "DROID_COMMAND",
		"hitpoints": 500,
		"id": "CommandBrain01",
		"maxDroids": 6,
		"maxDroidsMult": 2,
		"name": "Command Turret",
		"ranks": [ "Rookie", "Green", "Trained", "Regular", "Professional", "Veteran", "Elite", "Special", "Hero" ],
		"thresholds": [ 0, 8, 16, 32, 64, 128, 256, 512, 1024 ],
		"turret": "CommandTurret1"
	},
	"ZNULLBRAIN": {
		"id": "ZNULLBRAIN",
		"name": "Z NULL BRAIN",
		"ranks": [ "Rookie", "Green", "Trained", "Regular", "Professional", "Veteran", "Elite", "Special", "Hero" ],
		"thresholds": [ 0, 4, 8, 16, 32, 64, 128, 256, 512 ],
		"turret": "ZNULLWEAPON"
	}
}
