{
	"Advmaterialslab": {
		"armour": 10,
		"breadth": 2,
		"hitpoints": 175,
		"id": "Advmaterialslab",
		"lineOfSight": 0,
		"model": "advmatlab.pie",
		"name": "Advancedmaterialslab",
		"startVisible": 0,
		"tileDraw": 1,
		"type": "BUILDING",
		"width": 2
	},
	"Aerodynamicslab": {
		"armour": 10,
		"breadth": 2,
		"hitpoints": 175,
		"id": "Aerodynamicslab",
		"lineOfSight": 0,
		"model": "aerolab.pie",
		"name": "Aerodynamicslab",
		"startVisible": 0,
		"tileDraw": 1,
		"type": "BUILDING",
		"width": 2
	},
	"AirTrafficControl": {
		"armour": 5,
		"breadth": 1,
		"hitpoints": 200,
		"id": "AirTrafficControl",
		"lineOfSight": 0,
		"model": "miairtrf.pie",
		"name": "*AirTrafficControl*",
		"startVisible": 0,
		"tileDraw": 1,
		"type": "BUILDING",
		"width": 1
	},
	"BaBaHorizontalWall": {
		"armour": 7,
		"breadth": 1,
		"hitpoints": 75,
		"id": "BaBaHorizontalWall",
		"lineOfSight": 0,
		"model": "BLBRBWLH.PIE",
		"name": "*Babahrzwall*",
		"startVisible": 0,
		"tileDraw": 1,
		"type": "BUILDING",
		"width": 1
	},
	"BabaCornerWall": {
		"armour": 5,
		"breadth": 1,
		"hitpoints": 75,
		"id": "BabaCornerWall",
		"lineOfSight": 0,
		"model": "BLBRBCR1.PIE",
		"name": "*Babacrnwall*",
		"startVisible": 0,
		"tileDraw": 1,
		"type": "BUILDING",
		"width": 1
	},
	"BarbHUT": {
		"armour": 2,
		"breadth": 1,
		"hitpoints": 50,
		"id": "BarbHUT",
		"lineOfSight": 0,
		"model": "BLBRHUT1.PIE",
		"name": "Hut",
		"startVisible": 0,
		"tileDraw": 1,
		"type": "BUILDING",
		"width": 1
	},
	"BarbTechRuin": {
		"armour": 3,
		"breadth": 1,
		"hitpoints": 100,
		"id": "BarbTechRuin",
		"lineOfSight": 0,
		"model": "BLFACTRD.PIE",
		"name": "Ruined Factory",
		"startVisible": 0,
		"tileDraw": 1,
		"type": "BUILDING",
		"width": 2
	},
	"BarbWarehouse1": {
		"armour": 5,
		"breadth": 1,
		"hitpoints": 200,
		"id": "BarbWarehouse1",
		"lineOfSight": 0,
		"model": "BLWARE1.PIE",
		"name": "Warehouse",
		"startVisible": 0,
		"tileDraw": 1,
		"type": "BUILDING",
		"width": 2
	},
	"BarbWarehouse2": {
		"armour": 5,
		"breadth": 1,
		"hitpoints": 75,
		"id": "BarbWarehouse2",
		"lineOfSight": 0,
		"model": "BLWARE2.PIE",
		"name": "*Warehouse2*",
		"startVisible": 0,
		"tileDraw": 1,
		"type": "BUILDING",
		"width": 2
	},
	"BarbWarehouse3": {
		"armour": 5,
		"breadth": 1,
		"hitpoints": 75,
		"id": "BarbWarehouse3",
		"lineOfSight": 0,
		"model": "BLWARE3.PIE",
		"name": "*Warehouse3*",
		"startVisible": 0,
		"tileDraw": 1,
		"type": "BUILDING",
		"width": 1
	},
	"BlueCar": {
		"armour": 5,
		"breadth": 1,
		"hitpoints": 50,
		"id": "BlueCar",
		"lineOfSight": 0,
		"model": "miblucar.PIE",
		"name": "*Blue Car*",
		"startVisible": 0,
		"tileDraw": 1,
		"type": "VEHICLE",
		"width": 1
	},
	"Boulder1": {
		"armour": 0,
		"breadth": 1,
		"damageable": 0,
		"hitpoints": 0,
		"id": "Boulder1",
		"lineOfSight": 0,
		"model": "mibould1.pie",
		"name": "*Boulder 1*",
		"tileDraw": 1,
		"type": "BOULDER",
		"width": 1
	},
	"Boulder2": {
		"armour": 0,
		"breadth": 1,
		"damageable": 0,
		"hitpoints": 0,
		"id": "Boulder2",
		"lineOfSight": 0,
		"model": "mibould2.pie",
		"name": "*Boulder 2*",
		"tileDraw": 1,
		"type": "BOULDER",
		"width": 1
	},
	"Boulder3": {
		"armour": 5,
		"breadth": 1,
		"damageable": 0,
		"hitpoints": 25,
		"id": "Boulder3",
		"lineOfSight": 0,
		"model": "mibould3.pie",
		"name": "*Boulder 3*",
		"tileDraw": 1,
		"type": "BOULDER",
		"width": 1
	},
	"Chevy": {
		"armour": 5,
		"breadth": 1,
		"hitpoints": 50,
		"id": "Chevy",
		"lineOfSight": 0,
		"model": "michevy.PIE",
		"name": "*Chevy*",
		"startVisible": 0,
		"tileDraw": 1,
		"type": "VEHICLE",
		"width": 1
	},
	"Crane": {
		"armour": 5,
		"breadth": 1,
		"hitpoints": 50,
		"id": "Crane",
		"lineOfSight": 0,
		"model": "micrane.PIE",
		"name": "*Crane*",
		"startVisible": 0,
		"tileDraw": 1,
		"type": "BUILDING",
		"width": 1
	},
	"Crate": {
		"armour": 20,
		"breadth": 1,
		"damageable": 0,
		"hitpoints": 50,
		"id": "Crate",
		"lineOfSight": 0,
		"model": "MICAPSUL.PIE",
		"name": "Artifact",
		"startVisible": 0,
		"tileDraw": 1,
		"type": "GENERIC ARTEFACT",
		"width": 1
	},
	"Heavywepslab": {
		"armour": 10,
		"breadth": 2,
		"hitpoints": 175,
		"id": "Heavywepslab",
		"lineOfSight": 0,
		"model": "hvyweplab.pie",
		"name": "Heavyweaponslab",
		"startVisible": 0,
		"tileDraw": 1,
		"type": "BUILDING",
		"width": 2
	},
	"Indirectlab": {
		"armour": 10,
		"breadth": 2,
		"hitpoints": 175,
		"id": "Indirectlab",
		"lineOfSight": 0,
		"model": "indlab.pie",
		"name": "Indirectweaponslab",
		"startVisible": 0,
		"tileDraw": 1,
		"type": "BUILDING",
		"width": 2
	},
	"Laseropticslab": {
		"armour": 10,
		"breadth": 2,
		"hitpoints": 175,
		"id": "Laseropticslab",
		"lineOfSight": 0,
		"model": "lasoptlab.pie",
		"name": "Laseropticslab",
		"startVisible": 0,
		"tileDraw": 1,
		"type": "BUILDING",
		"width": 2
	},
	"LogCabin1": {
		"breadth": 1,
		"hitpoints": 50,
		"id": "LogCabin1",
		"lineOfSight": 0,
		"model": "MICABIN1.PIE",
		"name": "*LogCabin1*",
		"startVisible": 0,
		"tileDraw": 1,
		"type": "BUILDING",
		"width": 1
	},
	"LogCabin2": {
		"breadth": 1,
		"hitpoints": 50,
		"id": "LogCabin2",
		"lineOfSight": 0,
		"model": "MICABIN2.PIE",
		"name": "*LogCabin2*",
		"startVisible": 0,
		"tileDraw": 1,
		"type": "BUILDING",
		"width": 1
	},
	"LogCabin3": {
		"breadth": 1,
		"hitpoints": 50,
		"id": "LogCabin3",
		"lineOfSight": 0,
		"model": "MICABIN3.PIE",
		"name": "*LogCabin3*",
		"startVisible": 0,
		"tileDraw": 1,
		"type": "BUILDING",
		"width": 1
	},
	"LogCabin4": {
		"breadth": 1,
		"hitpoints": 50,
		"id": "LogCabin4",
		"lineOfSight": 0,
		"model": "MICABIN4.PIE",
		"name": "*LogCabin4*",
		"startVisible": 0,
		"tileDraw": 1,
		"type": "BUILDING",
		"width": 1
	},
	"LogCabin5": {
		"breadth": 1,
		"hitpoints": 50,
		"id": "LogCabin5",
		"lineOfSight": 0,
		"model": "MICABIN5.PIE",
		"name": "*LogCabin5*",
		"startVisible": 0,
		"tileDraw": 1,
		"type": "BUILDING",
		"width": 1
	},
	"Nanolab": {
		"armour": 10,
		"breadth": 2,
		"hitpoints": 175,
		"id": "Nanolab",
		"lineOfSight": 0,
		"model": "nanolab.pie",
		"name": "Nanolab",
		"startVisible": 0,
		"tileDraw": 1,
		"type": "BUILDING",
		"width": 2
	},
	"OilDrum": {
		"armour": 5,
		"breadth": 1,
		"damageable": 0,
		"hitpoints": 25,
		"id": "OilDrum",
		"model": "mioil.pie",
		"name": "Oil Drum",
		"startVisible": 0,
		"tileDraw": 1,
		"type": "OIL DRUM",
		"width": 1
	},
	"OilResource": {
		"armour": 0,
		"breadth": 1,
		"damageable": 0,
		"hitpoints": 0,
		"id": "OilResource",
		"model": "mislick.pie",
		"name": "Oil Resource",
		"startVisible": 0,
		"tileDraw": 1,
		"type": "OIL RESOURCE",
		"width": 1
	},
	"OilTower": {
		"armour": 5,
		"breadth": 1,
		"hitpoints": 50,
		"id": "OilTower",
		"lineOfSight": 0,
		"model": "mioiltow.pie",
		"name": "*Oil Tower*",
		"startVisible": 0,
		"tileDraw": 1,
		"type": "BUILDING",
		"width": 1
	},
	"OldFactory": {
		"armour": 10,
		"breadth": 2,
		"hitpoints": 75,
		"id": "OldFactory",
		"model": "mifactry.pie",
		"name": "*OldFactory*",
		"startVisible": 0,
		"tileDraw": 1,
		"type": "BUILDING",
		"width": 2
	},
	"Pickup": {
		"armour": 5,
		"breadth": 1,
		"hitpoints": 50,
		"id": "Pickup",
		"lineOfSight": 0,
		"model": "mipickup.PIE",
		"name": "*Pickup*",
		"startVisible": 0,
		"tileDraw": 1,
		"type": "VEHICLE",
		"width": 1
	},
	"Pipe": {
		"armour": 5,
		"breadth": 1,
		"hitpoints": 50,
		"id": "Pipe",
		"lineOfSight": 0,
		"model": "mipipe.PIE",
		"name": "*Pipe*",
		"startVisible": 0,
		"tileDraw": 1,
		"type": "VEHICLE",
		"width": 1
	},
	"Pipe1": {
		"armour": 5,
		"breadth": 1,
		"hitpoints": 50,
		"id": "Pipe1",
		"lineOfSight": 0,
		"model": "mipipe1.PIE",
		"name": "*Pipe1*",
		"startVisible": 0,
		"tileDraw": 1,
		"type": "VEHICLE",
		"width": 1
	},
	"Pipe1A": {
		"armour": 5,
		"breadth": 1,
		"hitpoints": 50,
		"id": "Pipe1A",
		"lineOfSight": 0,
		"model": "Mipipe1A.pie",
		"name": "*PipeFull*",
		"startVisible": 0,
		"tileDraw": 1,
		"type": "VEHICLE",
		"width": 1
	},
	"Pipe2A": {
		"armour": 5,
		"breadth": 1,
		"hitpoints": 50,
		"id": "Pipe2A",
		"lineOfSight": 0,
		"model": "Mipipe2A.pie",
		"name": "*PipeEnd*",
		"startVisible": 0,
		"tileDraw": 1,
		"type": "VEHICLE",
		"width": 1
	},
	"Pipe3A": {
		"armour": 5,
		"breadth": 1,
		"hitpoints": 50,
		"id": "Pipe3A",
		"lineOfSight": 0,
		"model": "Mipipe3A.pie",
		"name": "*PipeCollapsed*",
		"startVisible": 0,
		"tileDraw": 1,
		"type": "VEHICLE",
		"width": 1
	},
	"Powlab": {
		"armour": 10,
		"breadth": 2,
		"hitpoints": 175,
		"id": "Powlab",
		"lineOfSight": 0,
		"model": "powlab.pie",
		"name": "Powerlab",
		"startVisible": 0,
		"tileDraw": 1,
		"type": "BUILDING",
		"width": 2
	},
	"Pylon": {
		"armour": 5,
		"breadth": 1,
		"hitpoints": 75,
		"id": "Pylon",
		"lineOfSight": 0,
		"model": "mipylon.pie",
		"name": "*Pylon*",
		"startVisible": 0,
		"tileDraw": 1,
		"type": "BUILDING",
		"width": 1
	},
	"Rotarywepslab": {
		"armour": 10,
		"breadth": 2,
		"hitpoints": 175,
		"id": "Rotarywepslab",
		"lineOfSight": 0,
		"model": "rotweplab.pie",
		"name": "Rotaryweaponslab",
		"startVisible": 0,
		"tileDraw": 1,
		"type": "BUILDING",
		"width": 2
	},
	"Ruin1": {
		"armour": 2,
		"breadth": 1,
		"hitpoints": 100,
		"id": "Ruin1",
		"lineOfSight": 0,
		"model": "miruin1.pie",
		"name": "*Ruin1*",
		"startVisible": 0,
		"tileDraw": 1,
		"type": "BUILDING",
		"width": 1
	},
	"Ruin10": {
		"breadth": 1,
		"hitpoints": 100,
		"id": "Ruin10",
		"lineOfSight": 0,
		"model": "Miruin10.pie",
		"name": "*Ruin10*",
		"startVisible": 0,
		"tileDraw": 1,
		"type": "BUILDING",
		"width": 1
	},
	"Ruin3": {
		"armour": 2,
		"breadth": 1,
		"hitpoints": 100,
		"id": "Ruin3",
		"lineOfSight": 0,
		"model": "miruin3.pie",
		"name": "*Ruin3*",
		"startVisible": 0,
		"tileDraw": 1,
		"type": "BUILDING",
		"width": 1
	},
	"Ruin4": {
		"armour": 2,
		"breadth": 1,
		"hitpoints": 100,
		"id": "Ruin4",
		"lineOfSight": 0,
		"model": "miruin4.pie",
		"name": "*Ruin4*",
		"startVisible": 0,
		"tileDraw": 1,
		"type": "BUILDING",
		"width": 1
	},
	"Ruin5": {
		"breadth": 1,
		"hitpoints": 100,
		"id": "Ruin5",
		"lineOfSight": 0,
		"model": "miruin5.pie",
		"name": "*Ruin5*",
		"startVisible": 0,
		"tileDraw": 1,
		"type": "BUILDING",
		"width": 1
	},
	"Ruin6": {
		"breadth": 1,
		"hitpoints": 100,
		"id": "Ruin6",
		"lineOfSight": 0,
		"model": "miruin6.pie",
		"name": "*Ruin6*",
		"startVisible": 0,
		"tileDraw": 1,
		"type": "BUILDING",
		"width": 1
	},
	"Ruin7": {
		"breadth": 1,
		"hitpoints": 100,
		"id": "Ruin7",
		"lineOfSight": 0,
		"model": "miruin7.pie",
		"name": "*Ruin7*",
		"startVisible": 0,
		"tileDraw": 1,
		"type": "BUILDING",
		"width": 1
	},
	"Ruin8": {
		"breadth": 1,
		"hitpoints": 100,
		"id": "Ruin8",
		"lineOfSight": 0,
		"model": "miruin8.pie",
		"name": "*Ruin8*",
		"startVisible": 0,
		"tileDraw": 1,
		"type": "BUILDING",
		"width": 1
	},
	"Ruin9": {
		"breadth": 1,
		"hitpoints": 100,
		"id": "Ruin9",
		"lineOfSight": 0,
		"model": "miruin9.pie",
		"name": "*Ruin9*",
		"startVisible": 0,
		"tileDraw": 1,
		"type": "BUILDING",
		"width": 1
	},
	"Tree1": {
		"armour": 10,
		"breadth": 2,
		"hitpoints": 50,
		"id": "Tree1",
		"lineOfSight": 0,
		"model": "mitrees.pie",
		"name": "*Tree1*",
		"tileDraw": 1,
		"type": "TREE",
		"width": 2
	},
	"Tree2": {
		"armour": 10,
		"breadth": 2,
		"hitpoints": 50,
		"id": "Tree2",
		"lineOfSight": 0,
		"model": "mitrees2.pie",
		"name": "*Tree2*",
		"tileDraw": 1,
		"type": "TREE",
		"width": 2
	},
	"Tree3": {
		"armour": 10,
		"breadth": 1,
		"hitpoints": 50,
		"id": "Tree3",
		"lineOfSight": 0,
		"model": "mitrees3.pie",
		"name": "*Tree3*",
		"tileDraw": 1,
		"type": "TREE",
		"width": 1
	},
	"TreeSnow1": {
		"armour": 10,
		"breadth": 2,
		"hitpoints": 50,
		"id": "TreeSnow1",
		"lineOfSight": 0,
		"model": "mistree1.pie",
		"name": "*Snowy Tree1*",
		"tileDraw": 1,
		"type": "TREE",
		"width": 2
	},
	"TreeSnow2": {
		"armour": 10,
		"breadth": 2,
		"hitpoints": 50,
		"id": "TreeSnow2",
		"lineOfSight": 0,
		"model": "mistree2.pie",
		"name": "*Snowy Tree2*",
		"tileDraw": 1,
		"type": "TREE",
		"width": 2
	},
	"TreeSnow3": {
		"armour": 10,
		"breadth": 1,
		"hitpoints": 50,
		"id": "TreeSnow3",
		"lineOfSight": 0,
		"model": "mistree3.pie",
		"name": "*Snowy Tree3*",
		"tileDraw": 1,
		"type": "TREE",
		"width": 1
	},
	"Wall": {
		"armour": 7,
		"breadth": 1,
		"hitpoints": 150,
		"id": "Wall",
		"lineOfSight": 0,
		"model": "blwall4.pie",
		"name": "Wall",
		"startVisible": 0,
		"tileDraw": 1,
		"type": "BUILDING",
		"width": 1
	},
	"WallCorner": {
		"armour": 7,
		"breadth": 1,
		"hitpoints": 150,
		"id": "WallCorner",
		"lineOfSight": 0,
		"model": "blwallc4.pie",
		"name": "Wallcorner",
		"startVisible": 0,
		"tileDraw": 1,
		"type": "BUILDING",
		"width": 1
	},
	"WallCornerSmashed": {
		"armour": 7,
		"breadth": 1,
		"hitpoints": 120,
		"id": "WallCornerSmashed",
		"lineOfSight": 0,
		"model": "blwallc4smash.pie",
		"name": "Smashedcornerwall",
		"startVisible": 0,
		"tileDraw": 1,
		"type": "BUILDING",
		"width": 1
	},
	"WallSmashed": {
		"armour": 7,
		"breadth": 1,
		"hitpoints": 120,
		"id": "WallSmashed",
		"lineOfSight": 0,
		"model": "blwall4smash.pie",
		"name": "Smashedwall",
		"startVisible": 0,
		"tileDraw": 1,
		"type": "BUILDING",
		"width": 1
	},
	"WaterBuilding": {
		"armour": 5,
		"breadth": 2,
		"hitpoints": 50,
		"id": "WaterBuilding",
		"lineOfSight": 0,
		"model": "mibldwat.PIE",
		"name": "*Water Building*",
		"tileDraw": 1,
		"type": "SKYSCRAPER",
		"width": 2
	},
	"WaterBuilding2": {
		"armour": 5,
		"breadth": 2,
		"hitpoints": 200,
		"id": "WaterBuilding2",
		"lineOfSight": 0,
		"model": "MIBLDWA2.PIE",
		"name": "*Water Building2*",
		"tileDraw": 1,
		"type": "SKYSCRAPER",
		"width": 2
	},
	"WaterBuilding3": {
		"armour": 5,
		"breadth": 2,
		"hitpoints": 200,
		"id": "WaterBuilding3",
		"lineOfSight": 0,
		"model": "MIBLDWA3.PIE",
		"name": "*Water Building3*",
		"tileDraw": 1,
		"type": "SKYSCRAPER",
		"width": 2
	},
	"WaterTower": {
		"armour": 5,
		"breadth": 1,
		"hitpoints": 50,
		"id": "WaterTower",
		"lineOfSight": 0,
		"model": "miwatow.pie",
		"name": "*Water Tower*",
		"startVisible": 0,
		"tileDraw": 1,
		"type": "BUILDING",
		"width": 1
	},
	"Wreck0": {
		"armour": 0,
		"breadth": 1,
		"damageable": 0,
		"hitpoints": 0,
		"id": "Wreck0",
		"lineOfSight": 0,
		"model": "miwreck.pie",
		"name": "*Wreck0*",
		"tileDraw": 1,
		"type": "BOULDER",
		"width": 1
	},
	"Wreck1": {
		"armour": 0,
		"breadth": 1,
		"damageable": 0,
		"hitpoints": 0,
		"id": "Wreck1",
		"lineOfSight": 0,
		"model": "miwrek1.pie",
		"name": "*Wreck1*",
		"tileDraw": 1,
		"type": "BOULDER",
		"width": 1
	},
	"Wreck2": {
		"armour": 0,
		"breadth": 1,
		"damageable": 0,
		"hitpoints": 0,
		"id": "Wreck2",
		"lineOfSight": 0,
		"model": "miwrek2.pie",
		"name": "*Wreck2*",
		"tileDraw": 1,
		"type": "BOULDER",
		"width": 1
	},
	"Wreck3": {
		"armour": 0,
		"breadth": 1,
		"damageable": 0,
		"hitpoints": 0,
		"id": "Wreck3",
		"lineOfSight": 0,
		"model": "miwrek3.pie",
		"name": "*Wreck3*",
		"tileDraw": 1,
		"type": "BOULDER",
		"width": 1
	},
	"Wreck4": {
		"armour": 0,
		"breadth": 1,
		"damageable": 0,
		"hitpoints": 0,
		"id": "Wreck4",
		"lineOfSight": 0,
		"model": "miwrek4.pie",
		"name": "*Wreck4*",
		"tileDraw": 1,
		"type": "BOULDER",
		"width": 1
	},
	"Wreck5": {
		"armour": 0,
		"breadth": 1,
		"damageable": 0,
		"hitpoints": 0,
		"id": "Wreck5",
		"lineOfSight": 0,
		"model": "miwrek5.pie",
		"name": "*Wreck5*",
		"tileDraw": 1,
		"type": "BOULDER",
		"width": 1
	},
	"WreckedBridge": {
		"armour": 5,
		"breadth": 2,
		"hitpoints": 50,
		"id": "WreckedBridge",
		"lineOfSight": 0,
		"model": "mibrdfuk.PIE",
		"name": "Wrecked Bridge",
		"tileDraw": 1,
		"type": "BUILDING",
		"width": 1
	},
	"WreckedBuilding16": {
		"armour": 5,
		"breadth": 3,
		"hitpoints": 50,
		"id": "WreckedBuilding16",
		"lineOfSight": 0,
		"model": "Mibuil16.PIE",
		"name": "*Wrecked Building 16*",
		"tileDraw": 1,
		"type": "SKYSCRAPER",
		"width": 3
	},
	"WreckedBuilding17": {
		"armour": 5,
		"breadth": 2,
		"hitpoints": 50,
		"id": "WreckedBuilding17",
		"lineOfSight": 0,
		"model": "Mibuil17.PIE",
		"name": "*Wrecked Building 17*",
		"tileDraw": 1,
		"type": "SKYSCRAPER",
		"width": 2
	},
	"WreckedBuilding9": {
		"armour": 5,
		"breadth": 2,
		"hitpoints": 50,
		"id": "WreckedBuilding9",
		"lineOfSight": 0,
		"model": "Mibuild9.PIE",
		"name": "*Wrecked Building 9*",
		"tileDraw": 1,
		"type": "SKYSCRAPER",
		"width": 2
	},
	"WreckedDroidHub": {
		"armour": 7,
		"breadth": 1,
		"hitpoints": 60,
		"id": "WreckedDroidHub",
		"model": "drwreck.pie",
		"name": "Wreck",
		"startVisible": 0,
		"tileDraw": 1,
		"type": "VEHICLE",
		"width": 1
	},
	"WreckedSuzukiJeep": {
		"armour": 2,
		"breadth": 1,
		"hitpoints": 40,
		"id": "WreckedSuzukiJeep",
		"lineOfSight": 0,
		"model": "mijeep.pie",
		"name": "Wrecked Vehicle",
		"startVisible": 0,
		"tileDraw": 1,
		"type": "VEHICLE",
		"width": 1
	},
	"WreckedTankerV": {
		"armour": 2,
		"breadth": 2,
		"hitpoints": 75,
		"id": "WreckedTankerV",
		"lineOfSight": 0,
		"model": "mitanker.pie",
		"name": "Wrecked Tanker",
		"startVisible": 0,
		"tileDraw": 1,
		"type": "VEHICLE",
		"width": 1
	},
	"WreckedVertCampVan": {
		"armour": 5,
		"breadth": 1,
		"hitpoints": 50,
		"id": "WreckedVertCampVan",
		"lineOfSight": 0,
		"model": "micamper.pie",
		"name": "Wrecked Van",
		"startVisible": 0,
		"tileDraw": 1,
		"type": "VEHICLE",
		"width": 1
	},
	"arizonabush1": {
		"armour": 10,
		"breadth": 1,
		"hitpoints": 50,
		"id": "arizonabush1",
		"lineOfSight": 0,
		"model": "arizonabush1.pie",
		"name": "*ArizonaBush1*",
		"tileDraw": 1,
		"type": "TREE",
		"width": 1
	},
	"arizonabush2": {
		"armour": 10,
		"breadth": 1,
		"hitpoints": 50,
		"id": "arizonabush2",
		"lineOfSight": 0,
		"model": "arizonabush2.pie",
		"name": "*ArizonaBush2*",
		"tileDraw": 1,
		"type": "TREE",
		"width": 1
	},
	"arizonabush3": {
		"armour": 10,
		"breadth": 1,
		"hitpoints": 50,
		"id": "arizonabush3",
		"lineOfSight": 0,
		"model": "arizonabush3.pie",
		"name": "*ArizonaBush3*",
		"tileDraw": 1,
		"type": "TREE",
		"width": 1
	},
	"arizonabush4": {
		"armour": 10,
		"breadth": 1,
		"hitpoints": 50,
		"id": "arizonabush4",
		"lineOfSight": 0,
		"model": "arizonabush4.pie",
		"name": "*ArizonaBush4*",
		"tileDraw": 1,
		"type": "TREE",
		"width": 1
	},
	"arizonatree1": {
		"armour": 10,
		"breadth": 1,
		"hitpoints": 50,
		"id": "arizonatree1",
		"lineOfSight": 0,
		"model": "arizonatree1.pie",
		"name": "*ArizonaTree1*",
		"tileDraw": 1,
		"type": "TREE",
		"width": 1
	},
	"arizonatree2": {
		"armour": 10,
		"breadth": 1,
		"hitpoints": 50,
		"id": "arizonatree2",
		"lineOfSight": 0,
		"model": "arizonatree2.pie",
		"name": "*ArizonaTree2*",
		"tileDraw": 1,
		"type": "TREE",
		"width": 1
	},
	"arizonatree3": {
		"armour": 10,
		"breadth": 1,
		"hitpoints": 50,
		"id": "arizonatree3",
		"lineOfSight": 0,
		"model": "arizonatree3.pie",
		"name": "*ArizonaTree3*",
		"tileDraw": 1,
		"type": "TREE",
		"width": 1
	},
	"arizonatree4": {
		"armour": 10,
		"breadth": 1,
		"hitpoints": 50,
		"id": "arizonatree4",
		"lineOfSight": 0,
		"model": "arizonatree4.pie",
		"name": "*ArizonaTree4*",
		"tileDraw": 1,
		"type": "TREE",
		"width": 1
	},
	"arizonatree5": {
		"armour": 10,
		"breadth": 1,
		"hitpoints": 50,
		"id": "arizonatree5",
		"lineOfSight": 0,
		"model": "arizonatree5.pie",
		"name": "*ArizonaTree5*",
		"tileDraw": 1,
		"type": "TREE",
		"width": 1
	},
	"arizonatree6": {
		"armour": 10,
		"breadth": 1,
		"hitpoints": 50,
		"id": "arizonatree6",
		"lineOfSight": 0,
		"model": "arizonatree6.pie",
		"name": "*ArizonaTree6*",
		"tileDraw": 1,
		"type": "TREE",
		"width": 1
	},
	"barrier": {
		"breadth": 1,
		"hitpoints": 5,
		"id": "barrier",
		"model": "MIBAR.pie",
		"name": "*Barrier*",
		"startVisible": 0,
		"tileDraw": 1,
		"type": "VEHICLE",
		"width": 1
	},
	"bigcooltowr": {
		"armour": 5,
		"breadth": 2,
		"hitpoints": 75,
		"id": "bigcooltowr",
		"lineOfSight": 0,
		"model": "micoolbig.pie",
		"name": "*LargeCoolingTower*",
		"startVisible": 0,
		"tileDraw": 1,
		"type": "BUILDING",
		"width": 2
	},
	"bridgeend": {
		"armour": 5,
		"breadth": 1,
		"hitpoints": 50,
		"id": "bridgeend",
		"lineOfSight": 0,
		"model": "MiBridg1.PIE",
		"name": "*BridgeEnd*",
		"tileDraw": 1,
		"type": "BUILDING",
		"width": 1
	},
	"bridgefull": {
		"armour": 5,
		"breadth": 5,
		"hitpoints": 50,
		"id": "bridgefull",
		"lineOfSight": 0,
		"model": "MiBridgx.PIE",
		"name": "*FullBridge*",
		"tileDraw": 1,
		"type": "BUILDING",
		"width": 1
	},
	"bridgemiddle": {
		"armour": 5,
		"breadth": 1,
		"hitpoints": 50,
		"id": "bridgemiddle",
		"lineOfSight": 0,
		"model": "MiBridge.PIE",
		"name": "*BridgeMiddle*",
		"tileDraw": 1,
		"type": "BUILDING",
		"width": 1
	},
	"building1": {
		"breadth": 3,
		"hitpoints": 300,
		"id": "building1",
		"lineOfSight": 0,
		"model": "mibuild1.pie",
		"name": "*Building 1*",
		"tileDraw": 1,
		"type": "SKYSCRAPER",
		"width": 3
	},
	"building10": {
		"armour": 5,
		"breadth": 1,
		"hitpoints": 200,
		"id": "building10",
		"lineOfSight": 0,
		"model": "mibuil10.pie",
		"name": "*Building 10*",
		"tileDraw": 1,
		"type": "SKYSCRAPER",
		"width": 2
	},
	"building11": {
		"armour": 5,
		"breadth": 3,
		"hitpoints": 200,
		"id": "building11",
		"lineOfSight": 0,
		"model": "mibuil11.pie",
		"name": "*Building 11*",
		"tileDraw": 1,
		"type": "SKYSCRAPER",
		"width": 3
	},
	"building12": {
		"armour": 5,
		"breadth": 1,
		"hitpoints": 200,
		"id": "building12",
		"lineOfSight": 0,
		"model": "mibuil12.pie",
		"name": "*Building 12*",
		"tileDraw": 1,
		"type": "SKYSCRAPER",
		"width": 2
	},
	"building2": {
		"armour": 5,
		"breadth": 3,
		"hitpoints": 200,
		"id": "building2",
		"lineOfSight": 0,
		"model": "mibuild2.pie",
		"name": "*Building 2*",
		"tileDraw": 1,
		"type": "SKYSCRAPER",
		"width": 3
	},
	"building3": {
		"armour": 5,
		"breadth": 3,
		"hitpoints": 200,
		"id": "building3",
		"lineOfSight": 0,
		"model": "mibuild3.pie",
		"name": "*Building 3*",
		"tileDraw": 1,
		"type": "SKYSCRAPER",
		"width": 3
	},
	"building7": {
		"armour": 5,
		"breadth": 3,
		"hitpoints": 200,
		"id": "building7",
		"lineOfSight": 0,
		"model": "mibuild7.pie",
		"name": "*Building 7*",
		"tileDraw": 1,
		"type": "SKYSCRAPER",
		"width": 3
	},
	"building8": {
		"armour": 5,
		"breadth": 3,
		"hitpoints": 200,
		"id": "building8",
		"lineOfSight": 0,
		"model": "mibuild8.pie",
		"name": "*Building 8*",
		"tileDraw": 1,
		"type": "SKYSCRAPER",
		"width": 3
	},
	"hoverwreck": {
		"armour": 10,
		"breadth": 1,
		"hitpoints": 50,
		"id": "hoverwreck",
		"model": "miarthov.pie",
		"name": "*WreckedHoverProp*",
		"startVisible": 0,
		"tileDraw": 1,
		"type": "VEHICLE",
		"width": 1
	},
	"miruin2": {
		"armour": 3,
		"breadth": 1,
		"hitpoints": 100,
		"id": "miruin2",
		"lineOfSight": 0,
		"model": "miruin2.pie",
		"name": "*miruin*2*",
		"startVisible": 0,
		"tileDraw": 1,
		"type": "BUILDING",
		"width": 1
	},
	"nukepowstat": {
		"armour": 10,
		"breadth": 2,
		"hitpoints": 50,
		"id": "nukepowstat",
		"lineOfSight": 0,
		"model": "minuke.pie",
		"name": "*NuclearPowerStation*",
		"startVisible": 0,
		"tileDraw": 1,
		"type": "BUILDING",
		"width": 2
	},
	"trapcorner": {
		"armour": 0,
		"breadth": 1,
		"damageable": 0,
		"hitpoints": 0,
		"id": "trapcorner",
		"lineOfSight": 0,
		"model": "MITRAPCR.pie",
		"name": "*TrapCorner*",
		"tileDraw": 1,
		"type": "BOULDER",
		"width": 1
	},
	"trapstraight": {
		"armour": 0,
		"breadth": 1,
		"damageable": 0,
		"hitpoints": 0,
		"id": "trapstraight",
		"lineOfSight": 0,
		"model": "mitrapstr.pie",
		"name": "*TrapStraight*",
		"tileDraw": 1,
		"type": "BOULDER",
		"width": 1
	}
}
