{
	"AAGun2Mk1": {
		"buildPoints": 450,
		"buildPower": 150,
		"damage": 45,
		"designable": 1,
		"effectSize": 100,
		"explosionWav": "lrgexpl.ogg",
		"facePlayer": 1,
		"firePause": 1,
		"flags": "AirOnly",
		"flightGfx": "FXAALSHT.PIE",
		"flightSpeed": 1200,
		"hitGfx": "FXAIREXP.PIE",
		"hitpoints": 200,
		"id": "AAGun2Mk1",
		"lightWorld": 1,
		"longHit": 75,
		"longRange": 2048,
		"maxElevation": 90,
		"minElevation": -45,
		"minimumDamage": 33,
		"missGfx": "FXAIREXP.PIE",
		"model": "GNHAIR.PIE",
		"mountModel": "TRHAIR.PIE",
		"movement": "HOMING-DIRECT",
		"muzzleGfx": "FxCan75m.PIE",
		"name": "Cyclone Flak Turret",
		"numExplosions": 2,
		"numRounds": 2,
		"radius": 64,
		"radiusDamage": 40,
		"radiusLife": 100,
		"recoilValue": 100,
		"reloadTime": 10,
		"rotate": 180,
		"shortHit": 80,
		"shortRange": 768,
		"waterGfx": "FXSSplsh.PIE",
		"weaponClass": "KINETIC",
		"weaponEffect": "ANTI AIRCRAFT",
		"weaponSubClass": "A-A GUN",
		"weaponWav": "medcan.ogg",
		"weight": 10000
	},
	"BabaBuggyHeavyMG": {
		"buildPoints": 11,
		"buildPower": 3,
		"damage": 18,
		"effectSize": 100,
		"facePlayer": 1,
		"firePause": 7,
		"flightGfx": "fxtracerh.pie",
		"flightSpeed": 1000,
		"hitGfx": "FXMETHIT.PIE",
		"hitpoints": 1,
		"id": "BabaBuggyHeavyMG",
		"longHit": 60,
		"longRange": 960,
		"maxElevation": 90,
		"minElevation": -30,
		"minimumDamage": 33,
		"missGfx": "FXDIRTsp.PIE",
		"movement": "DIRECT",
		"muzzleGfx": "FXMgnVic.PIE",
		"name": "*Buggy Heavy MG*",
		"numExplosions": 1,
		"recoilValue": 100,
		"rotate": 180,
		"shortHit": 75,
		"shortRange": 640,
		"waterGfx": "FXSSplsh.PIE",
		"weaponClass": "KINETIC",
		"weaponEffect": "ANTI PERSONNEL",
		"weaponSubClass": "MACHINE GUN",
		"weaponWav": "mgheavy.ogg",
		"weight": 1
	},
	"BabaBuggyMG": {
		"buildPoints": 11,
		"buildPower": 3,
		"damage": 10,
		"effectSize": 100,
		"facePlayer": 1,
		"firePause": 5,
		"flightGfx": "FXTracer.PIE",
		"flightSpeed": 1000,
		"hitGfx": "FXMETHIT.PIE",
		"hitpoints": 1,
		"id": "BabaBuggyMG",
		"longHit": 60,
		"longRange": 768,
		"maxElevation": 90,
		"minElevation": -30,
		"minimumDamage": 33,
		"missGfx": "FXDIRTsp.PIE",
		"movement": "DIRECT",
		"muzzleGfx": "FXLMgun.PIE",
		"name": "*Buggy MG*",
		"numExplosions": 1,
		"recoilValue": 100,
		"rotate": 180,
		"shortHit": 75,
		"shortRange": 512,
		"waterGfx": "FXSSplsh.PIE",
		"weaponClass": "KINETIC",
		"weaponEffect": "ANTI PERSONNEL",
		"weaponSubClass": "MACHINE GUN",
		"weaponWav": "mgbar2.ogg",
		"weight": 1
	},
	"BabaBuggyTwinMG": {
		"buildPoints": 11,
		"buildPower": 3,
		"damage": 14,
		"effectSize": 100,
		"facePlayer": 1,
		"firePause": 6,
		"flightGfx": "fxtracer_twin.pie",
		"flightSpeed": 1000,
		"hitGfx": "FXMETHIT.PIE",
		"hitpoints": 1,
		"id": "BabaBuggyTwinMG",
		"longHit": 60,
		"longRange": 768,
		"maxElevation": 90,
		"minElevation": -30,
		"minimumDamage": 33,
		"missGfx": "FXDIRTsp.PIE",
		"movement": "DIRECT",
		"muzzleGfx": "FXLMgun2.PIE",
		"name": "*Buggy Twin MG*",
		"numExplosions": 1,
		"recoilValue": 100,
		"rotate": 180,
		"shortHit": 75,
		"shortRange": 512,
		"waterGfx": "FXSSplsh.PIE",
		"weaponClass": "KINETIC",
		"weaponEffect": "ANTI PERSONNEL",
		"weaponSubClass": "MACHINE GUN",
		"weaponWav": "mgbar3.ogg",
		"weight": 1
	},
	"BabaBusCannon": {
		"buildPoints": 10,
		"buildPower": 10,
		"damage": 20,
		"effectSize": 25,
		"explosionWav": "smlexpl.ogg",
		"facePlayer": 1,
		"firePause": 10,
		"flightGfx": "FXTracer.PIE",
		"flightSpeed": 1000,
		"hitGfx": "FXGRDexl.PIE",
		"hitpoints": 10,
		"id": "BabaBusCannon",
		"lightWorld": 1,
		"longHit": 50,
		"longRange": 960,
		"maxElevation": 90,
		"minElevation": -30,
		"minimumDamage": 33,
		"missGfx": "FXGRDexl.PIE",
		"model": "GNLCAN.pie",
		"mountModel": "Exturret.pie",
		"movement": "DIRECT",
		"muzzleGfx": "FXLMgun.PIE",
		"name": "*BusCannon*",
		"numExplosions": 1,
		"recoilValue": 100,
		"rotate": 180,
		"shortHit": 70,
		"shortRange": 640,
		"waterGfx": "FXSSplsh.PIE",
		"weaponClass": "KINETIC",
		"weaponEffect": "ALL ROUNDER",
		"weaponSubClass": "CANNON",
		"weaponWav": "smlcan.ogg",
		"weight": 10
	},
	"BabaCannon": {
		"buildPoints": 10,
		"buildPower": 10,
		"damage": 20,
		"effectSize": 25,
		"explosionWav": "smlexpl.ogg",
		"facePlayer": 1,
		"firePause": 10,
		"flightGfx": "FXTracer.PIE",
		"flightSpeed": 1000,
		"hitGfx": "FXGRDexl.PIE",
		"hitpoints": 10,
		"id": "BabaCannon",
		"lightWorld": 1,
		"longHit": 50,
		"longRange": 960,
		"maxElevation": 90,
		"minElevation": -30,
		"minimumDamage": 33,
		"missGfx": "FXGRDexl.PIE",
		"movement": "DIRECT",
		"muzzleGfx": "FXLMgun.PIE",
		"name": "*BaBa Cannon*",
		"numExplosions": 1,
		"recoilValue": 100,
		"rotate": 180,
		"shortHit": 70,
		"shortRange": 640,
		"waterGfx": "FXSSplsh.PIE",
		"weaponClass": "KINETIC",
		"weaponEffect": "ALL ROUNDER",
		"weaponSubClass": "CANNON",
		"weaponWav": "smlcan.ogg",
		"weight": 10
	},
	"BabaFlame": {
		"buildPoints": 200,
		"buildPower": 40,
		"damage": 8,
		"effectSize": 100,
		"facePlayer": 1,
		"fireOnMove": 1,
		"firePause": 30,
		"flightGfx": "FXLThrow.PIE",
		"flightSpeed": 600,
		"hitGfx": "FXMETHIT.PIE",
		"hitpoints": 35,
		"id": "BabaFlame",
		"lightWorld": 1,
		"longHit": 60,
		"longRange": 800,
		"maxElevation": 90,
		"minElevation": -60,
		"minRange": 64,
		"minimumDamage": 34,
		"missGfx": "FXMETHIT.PIE",
		"model": "GNLFLMR.PIE",
		"mountModel": "TRLFLMR.PIE",
		"movement": "DIRECT",
		"muzzleGfx": "FXCan20m.PIE",
		"name": "*Flamer*",
		"NoFriendlyFire": 1,
		"numExplosions": 1,
		"periodicalDamage": 8,
		"periodicalDamageRadius": 64,
		"periodicalDamageTime": 30,
		"rotate": 180,
		"shortHit": 80,
		"shortRange": 608,
		"waterGfx": "FXMETHIT.PIE",
		"weaponClass": "HEAT",
		"weaponEffect": "FLAMER",
		"weaponSubClass": "FLAME",
		"weaponWav": "flmthrow.ogg",
		"weight": 10
	},
	"BabaHeavyMG": {
		"buildPoints": 1,
		"buildPower": 1,
		"damage": 18,
		"effectSize": 100,
		"facePlayer": 1,
		"firePause": 7,
		"flightGfx": "fxtracerh.pie",
		"flightSpeed": 1000,
		"hitGfx": "FXMETHIT.PIE",
		"hitpoints": 1,
		"id": "BabaHeavyMG",
		"longHit": 60,
		"longRange": 960,
		"maxElevation": 90,
		"minElevation": -30,
		"minimumDamage": 33,
		"missGfx": "FXDIRTsp.PIE",
		"movement": "DIRECT",
		"muzzleGfx": "FXMgnVic.PIE",
		"name": "*BaBa Heavy MG*",
		"numExplosions": 1,
		"recoilValue": 20,
		"shortHit": 75,
		"shortRange": 640,
		"waterGfx": "FXSSplsh.PIE",
		"weaponClass": "KINETIC",
		"weaponEffect": "ANTI PERSONNEL",
		"weaponSubClass": "MACHINE GUN",
		"weaponWav": "mgheavy.ogg",
		"weight": 1
	},
	"BabaJeepHeavyMG": {
		"buildPoints": 16,
		"buildPower": 4,
		"damage": 18,
		"effectSize": 100,
		"facePlayer": 1,
		"firePause": 7,
		"flightGfx": "fxtracerh.pie",
		"flightSpeed": 1000,
		"hitGfx": "FXMETHIT.PIE",
		"hitpoints": 1,
		"id": "BabaJeepHeavyMG",
		"longHit": 60,
		"longRange": 960,
		"maxElevation": 90,
		"minElevation": -30,
		"minimumDamage": 33,
		"missGfx": "FXDIRTsp.PIE",
		"movement": "DIRECT",
		"muzzleGfx": "FXMgnVic.PIE",
		"name": "*Jeep Heavy MG*",
		"numExplosions": 1,
		"recoilValue": 20,
		"rotate": 180,
		"shortHit": 75,
		"shortRange": 640,
		"waterGfx": "FXSSplsh.PIE",
		"weaponClass": "KINETIC",
		"weaponEffect": "ANTI PERSONNEL",
		"weaponSubClass": "MACHINE GUN",
		"weaponWav": "mgheavy.ogg",
		"weight": 1
	},
	"BabaJeepMG": {
		"buildPoints": 16,
		"buildPower": 4,
		"damage": 10,
		"effectSize": 100,
		"facePlayer": 1,
		"firePause": 5,
		"flightGfx": "FXTracer.PIE",
		"flightSpeed": 1000,
		"hitGfx": "FXMETHIT.PIE",
		"hitpoints": 1,
		"id": "BabaJeepMG",
		"longHit": 60,
		"longRange": 768,
		"maxElevation": 90,
		"minElevation": -30,
		"minimumDamage": 33,
		"missGfx": "FXDIRTsp.PIE",
		"movement": "DIRECT",
		"muzzleGfx": "FXLMgun.PIE",
		"name": "*Jeep MG*",
		"numExplosions": 1,
		"recoilValue": 20,
		"rotate": 180,
		"shortHit": 75,
		"shortRange": 512,
		"waterGfx": "FXSSplsh.PIE",
		"weaponClass": "KINETIC",
		"weaponEffect": "ANTI PERSONNEL",
		"weaponSubClass": "MACHINE GUN",
		"weaponWav": "mgbar2.ogg",
		"weight": 1
	},
	"BabaJeepTwinMG": {
		"buildPoints": 16,
		"buildPower": 4,
		"damage": 14,
		"effectSize": 100,
		"facePlayer": 1,
		"firePause": 6,
		"flightGfx": "fxtracer_twin.pie",
		"flightSpeed": 1000,
		"hitGfx": "FXMETHIT.PIE",
		"hitpoints": 1,
		"id": "BabaJeepTwinMG",
		"longHit": 60,
		"longRange": 768,
		"maxElevation": 90,
		"minElevation": -30,
		"minimumDamage": 33,
		"missGfx": "FXDIRTsp.PIE",
		"movement": "DIRECT",
		"muzzleGfx": "FXLMgun2.PIE",
		"name": "*Jeep Twin MG*",
		"numExplosions": 1,
		"recoilValue": 20,
		"rotate": 180,
		"shortHit": 75,
		"shortRange": 512,
		"waterGfx": "FXSSplsh.PIE",
		"weaponClass": "KINETIC",
		"weaponEffect": "ANTI PERSONNEL",
		"weaponSubClass": "MACHINE GUN",
		"weaponWav": "mgbar3.ogg",
		"weight": 1
	},
	"BabaMG": {
		"buildPoints": 1,
		"buildPower": 1,
		"damage": 10,
		"effectSize": 100,
		"facePlayer": 1,
		"firePause": 5,
		"flightGfx": "FXTracRD.PIE",
		"flightSpeed": 1000,
		"hitGfx": "FXMETHIT.PIE",
		"hitpoints": 1,
		"id": "BabaMG",
		"longHit": 60,
		"longRange": 768,
		"maxElevation": 90,
		"minElevation": -30,
		"minimumDamage": 33,
		"missGfx": "FXDIRTsp.PIE",
		"movement": "DIRECT",
		"muzzleGfx": "FXLMgun.PIE",
		"name": "*BaBa MG*",
		"numExplosions": 1,
		"recoilValue": 20,
		"shortHit": 75,
		"shortRange": 512,
		"waterGfx": "FXSSplsh.PIE",
		"weaponClass": "KINETIC",
		"weaponEffect": "ANTI PERSONNEL",
		"weaponSubClass": "MACHINE GUN",
		"weaponWav": "mgbar1.ogg",
		"weight": 1
	},
	"BabaPitRocket": {
		"buildPoints": 375,
		"buildPower": 75,
		"damage": 30,
		"effectSize": 25,
		"explosionWav": "lrgexpl.ogg",
		"facePlayer": 1,
		"firePause": 12,
		"flightGfx": "FXMFLARE.PIE",
		"flightSpeed": 1200,
		"hitGfx": "FXMPExp.PIE",
		"hitpoints": 10,
		"id": "BabaPitRocket",
		"lightWorld": 1,
		"longHit": 50,
		"longRange": 960,
		"maxElevation": 90,
		"minElevation": -30,
		"minRange": 128,
		"minimumDamage": 33,
		"missGfx": "FXMPExp.PIE",
		"model": "GNLRCKTP.PIE",
		"mountModel": "TRLRCKTP.PIE",
		"movement": "DIRECT",
		"muzzleGfx": "FXLRocPd.PIE",
		"name": "*Baba Rocket Pit Launcher*",
		"numExplosions": 2,
		"radiusLife": 10,
		"recoilValue": 10,
		"rotate": 180,
		"shortHit": 70,
		"shortRange": 640,
		"waterGfx": "FXSSplsh.PIE",
		"weaponClass": "KINETIC",
		"weaponEffect": "ANTI TANK",
		"weaponSubClass": "ROCKET",
		"weaponWav": "rocket.ogg",
		"weight": 250
	},
	"BabaPitRocketAT": {
		"buildPoints": 500,
		"buildPower": 100,
		"damage": 80,
		"effectSize": 100,
		"explosionWav": "smlexpl.ogg",
		"facePlayer": 1,
		"firePause": 1,
		"flightGfx": "FXMFLARE.PIE",
		"flightSpeed": 1200,
		"hitGfx": "FXSExp.PIE",
		"hitpoints": 20,
		"id": "BabaPitRocketAT",
		"lightWorld": 1,
		"longHit": 60,
		"longRange": 960,
		"maxElevation": 90,
		"minElevation": -30,
		"minRange": 128,
		"minimumDamage": 33,
		"missGfx": "FXSExp.PIE",
		"model": "GNLMSL.PIE",
		"mountModel": "TRLRCKT.PIE",
		"movement": "DIRECT",
		"muzzleGfx": "FXMRocAt.PIE",
		"name": "*AT Rocket Pit*",
		"numExplosions": 2,
		"numRounds": 2,
		"radiusLife": 10,
		"reloadTime": 120,
		"rotate": 180,
		"shortHit": 70,
		"shortRange": 640,
		"waterGfx": "FXSSplsh.PIE",
		"weaponClass": "KINETIC",
		"weaponEffect": "ANTI TANK",
		"weaponSubClass": "ROCKET",
		"weaponWav": "rocket.ogg",
		"weight": 500
	},
	"BabaRocket": {
		"buildPoints": 10,
		"buildPower": 10,
		"damage": 30,
		"effectSize": 50,
		"explosionWav": "smlexpl.ogg",
		"facePlayer": 1,
		"firePause": 1,
		"flightGfx": "FXMFLARE.PIE",
		"flightSpeed": 1200,
		"hitGfx": "FXGRDexl.PIE",
		"hitpoints": 10,
		"id": "BabaRocket4",
		"lightWorld": 1,
		"longHit": 60,
		"longRange": 960,
		"maxElevation": 90,
		"minElevation": -30,
		"minRange": 128,
		"minimumDamage": 33,
		"missGfx": "FXGRDexl.PIE",
		"model": "scavmra.pie",
		"mountModel": "TRLRCKT.PIE",
		"movement": "INDIRECT",
		"muzzleGfx": "FXLRocPd.PIE",
		"name": "*BabaRocket4*",
		"numExplosions": 2,
		"numRounds": 4,
		"radius": 64,
		"radiusDamage": 20,
		"radiusLife": 10,
		"reloadTime": 40,
		"shortHit": 70,
		"shortRange": 640,
		"waterGfx": "FXSSplsh.PIE",
		"weaponClass": "KINETIC",
		"weaponEffect": "ANTI TANK",
		"weaponSubClass": "ROCKET",
		"weaponWav": "rocket.ogg",
		"weight": 100
	},
	"BabaRocket8": {
		"buildPoints": 10,
		"buildPower": 10,
		"damage": 30,
		"effectSize": 50,
		"explosionWav": "smlexpl.ogg",
		"facePlayer": 1,
		"firePause": 1,
		"flightGfx": "FXMFLARE.PIE",
		"flightSpeed": 1200,
		"hitGfx": "FXGRDexl.PIE",
		"hitpoints": 10,
		"id": "BabaRocket8",
		"lightWorld": 1,
		"longHit": 60,
		"longRange": 960,
		"maxElevation": 90,
		"minElevation": -30,
		"minRange": 128,
		"minimumDamage": 33,
		"missGfx": "FXGRDexl.PIE",
		"model": "scavmra.pie",
		"mountModel": "TRLRCKT.PIE",
		"movement": "INDIRECT",
		"muzzleGfx": "FXLRocPd.PIE",
		"name": "*BabaRocket8*",
		"numExplosions": 2,
		"numRounds": 8,
		"radius": 64,
		"radiusDamage": 20,
		"radiusLife": 10,
		"reloadTime": 80,
		"shortHit": 70,
		"shortRange": 640,
		"waterGfx": "FXSSplsh.PIE",
		"weaponClass": "KINETIC",
		"weaponEffect": "ANTI TANK",
		"weaponSubClass": "ROCKET",
		"weaponWav": "rocket.ogg",
		"weight": 100
	},
	"BabaTowerMG": {
		"buildPoints": 16,
		"buildPower": 12,
		"damage": 14,
		"effectSize": 100,
		"facePlayer": 1,
		"firePause": 5,
		"flightGfx": "FXTracer.PIE",
		"flightSpeed": 1000,
		"hitGfx": "FXMETHIT.PIE",
		"hitpoints": 1,
		"id": "BabaTowerMG",
		"longHit": 60,
		"longRange": 896,
		"maxElevation": 90,
		"minElevation": -30,
		"minimumDamage": 33,
		"missGfx": "FXDIRTsp.PIE",
		"movement": "DIRECT",
		"muzzleGfx": "FXLMgun.PIE",
		"name": "*Tower MG*",
		"numExplosions": 1,
		"recoilValue": 100,
		"rotate": 180,
		"shortHit": 75,
		"shortRange": 608,
		"waterGfx": "FXSSplsh.PIE",
		"weaponClass": "KINETIC",
		"weaponEffect": "ANTI PERSONNEL",
		"weaponSubClass": "MACHINE GUN",
		"weaponWav": "mgtower.ogg",
		"weight": 1
	},
	"BabaTrikeHeavyMG": {
		"buildPoints": 11,
		"buildPower": 2,
		"damage": 18,
		"effectSize": 100,
		"facePlayer": 1,
		"firePause": 7,
		"flightGfx": "fxtracerh.pie",
		"flightSpeed": 1000,
		"hitGfx": "FXMETHIT.PIE",
		"hitpoints": 1,
		"id": "BabaTrikeHeavyMG",
		"longHit": 60,
		"longRange": 960,
		"maxElevation": 90,
		"minElevation": -30,
		"minimumDamage": 33,
		"missGfx": "FXDIRTsp.PIE",
		"movement": "DIRECT",
		"muzzleGfx": "FXMgnVic.PIE",
		"name": "*Trike Heavy MG*",
		"numExplosions": 1,
		"recoilValue": 100,
		"rotate": 180,
		"shortHit": 75,
		"shortRange": 640,
		"waterGfx": "FXSSplsh.PIE",
		"weaponClass": "KINETIC",
		"weaponEffect": "ANTI PERSONNEL",
		"weaponSubClass": "MACHINE GUN",
		"weaponWav": "mgheavy.ogg",
		"weight": 1
	},
	"BabaTrikeMG": {
		"buildPoints": 11,
		"buildPower": 2,
		"damage": 10,
		"effectSize": 100,
		"facePlayer": 1,
		"firePause": 5,
		"flightGfx": "FXTracer.PIE",
		"flightSpeed": 1000,
		"hitGfx": "FXMETHIT.PIE",
		"hitpoints": 1,
		"id": "BabaTrikeMG",
		"longHit": 60,
		"longRange": 768,
		"maxElevation": 90,
		"minElevation": -30,
		"minimumDamage": 33,
		"missGfx": "FXDIRTsp.PIE",
		"movement": "DIRECT",
		"muzzleGfx": "FXLMgun.PIE",
		"name": "*Trike MG*",
		"numExplosions": 1,
		"recoilValue": 100,
		"rotate": 180,
		"shortHit": 75,
		"shortRange": 512,
		"waterGfx": "FXSSplsh.PIE",
		"weaponClass": "KINETIC",
		"weaponEffect": "ANTI PERSONNEL",
		"weaponSubClass": "MACHINE GUN",
		"weaponWav": "mgbar2.ogg",
		"weight": 1
	},
	"BabaTrikeTwinMG": {
		"buildPoints": 11,
		"buildPower": 2,
		"damage": 14,
		"effectSize": 100,
		"facePlayer": 1,
		"firePause": 6,
		"flightGfx": "fxtracer_twin.pie",
		"flightSpeed": 1000,
		"hitGfx": "FXMETHIT.PIE",
		"hitpoints": 1,
		"id": "BabaTrikeTwinMG",
		"longHit": 60,
		"longRange": 768,
		"maxElevation": 90,
		"minElevation": -30,
		"minimumDamage": 33,
		"missGfx": "FXDIRTsp.PIE",
		"movement": "DIRECT",
		"muzzleGfx": "FXLMgun2.PIE",
		"name": "*Trike Twin MG*",
		"numExplosions": 1,
		"recoilValue": 100,
		"rotate": 180,
		"shortHit": 75,
		"shortRange": 512,
		"waterGfx": "FXSSplsh.PIE",
		"weaponClass": "KINETIC",
		"weaponEffect": "ANTI PERSONNEL",
		"weaponSubClass": "MACHINE GUN",
		"weaponWav": "mgbar3.ogg",
		"weight": 1
	},
	"BabaTwinMG": {
		"buildPoints": 1,
		"buildPower": 1,
		"damage": 14,
		"effectSize": 100,
		"facePlayer": 1,
		"firePause": 6,
		"flightGfx": "FXTracer.PIE",
		"flightSpeed": 1000,
		"hitGfx": "FXMETHIT.PIE",
		"hitpoints": 1,
		"id": "BabaTwinMG",
		"longHit": 60,
		"longRange": 768,
		"maxElevation": 90,
		"minElevation": -30,
		"minimumDamage": 33,
		"missGfx": "FXDIRTsp.PIE",
		"movement": "DIRECT",
		"muzzleGfx": "FXLMgun.PIE",
		"name": "*BaBa Twin MG*",
		"numExplosions": 1,
		"recoilValue": 20,
		"shortHit": 75,
		"shortRange": 512,
		"waterGfx": "FXSSplsh.PIE",
		"weaponClass": "KINETIC",
		"weaponEffect": "ANTI PERSONNEL",
		"weaponSubClass": "MACHINE GUN",
		"weaponWav": "mgbar3.ogg",
		"weight": 1
	},
	"Bomb1-VTOL-LtHE": {
		"buildPoints": 600,
		"buildPower": 150,
		"damage": 100,
		"designable": 1,
		"effectSize": 100,
		"explosionWav": "lrgexpl.ogg",
		"facePlayer": 1,
		"firePause": 1,
		"flightGfx": "Fxlbmbx1.PIE",
		"flightSpeed": 475,
		"hitGfx": "FXLExp.PIE",
		"hitpoints": 10,
		"id": "Bomb1-VTOL-LtHE",
		"lightWorld": 1,
		"longHit": 70,
		"longRange": 512,
		"minElevation": -80,
		"minimumDamage": 33,
		"missGfx": "FXLExp.PIE",
		"mountModel": "trlvtlhe.PIE",
		"movement": "DIRECT",
		"muzzleGfx": "FXLRocPd.PIE",
		"name": "VTOL Cluster Bombs Bay",
		"numAttackRuns": 1,
		"numExplosions": 2,
		"numRounds": 6,
		"radius": 192,
		"radiusDamage": 50,
		"radiusLife": 10,
		"recoilValue": 10,
		"reloadTime": 10,
		"rotate": 180,
		"shortHit": 80,
		"shortRange": 384,
		"waterGfx": "FXMSplsh.PIE",
		"weaponClass": "KINETIC",
		"weaponEffect": "ARTILLERY ROUND",
		"weaponSubClass": "BOMB",
		"weaponWav": "hwtzflgt.ogg",
		"weight": 500
	},
	"Bomb2-VTOL-HvHE": {
		"buildPoints": 800,
		"buildPower": 200,
		"damage": 500,
		"designable": 1,
		"effectSize": 200,
		"explosionWav": "lrgexpl.ogg",
		"facePlayer": 1,
		"firePause": 1,
		"flightGfx": "Fxmbmbx2.PIE",
		"flightSpeed": 475,
		"hitGfx": "FXLExp.PIE",
		"hitpoints": 50,
		"id": "Bomb2-VTOL-HvHE",
		"lightWorld": 1,
		"longHit": 70,
		"longRange": 512,
		"minElevation": -80,
		"minimumDamage": 33,
		"missGfx": "FXLExp.PIE",
		"mountModel": "trmvtlhe.PIE",
		"movement": "DIRECT",
		"muzzleGfx": "FXLRocPd.PIE",
		"name": "VTOL Heap Bomb Bay",
		"numAttackRuns": 1,
		"numExplosions": 1,
		"numRounds": 2,
		"radius": 192,
		"radiusDamage": 250,
		"radiusLife": 10,
		"recoilValue": 10,
		"reloadTime": 10,
		"rotate": 180,
		"shortHit": 80,
		"shortRange": 384,
		"waterGfx": "FXMSplsh.PIE",
		"weaponClass": "KINETIC",
		"weaponEffect": "ARTILLERY ROUND",
		"weaponSubClass": "BOMB",
		"weaponWav": "hwtzflgt.ogg",
		"weight": 10000
	},
	"Bomb3-VTOL-LtINC": {
		"buildPoints": 700,
		"buildPower": 175,
		"damage": 70,
		"designable": 1,
		"effectSize": 50,
		"explosionWav": "lrgexpl.ogg",
		"facePlayer": 1,
		"firePause": 2,
		"flightGfx": "Fxlbmbi1.PIE",
		"flightSpeed": 475,
		"hitGfx": "FXLExp.PIE",
		"hitpoints": 10,
		"id": "Bomb3-VTOL-LtINC",
		"lightWorld": 1,
		"longHit": 70,
		"longRange": 512,
		"minElevation": -80,
		"minimumDamage": 33,
		"missGfx": "FXLExp.PIE",
		"mountModel": "trlvtlin.PIE",
		"movement": "DIRECT",
		"muzzleGfx": "FXLRocPd.PIE",
		"name": "VTOL Phosphor Bomb Bay",
		"numAttackRuns": 1,
		"numExplosions": 2,
		"numRounds": 6,
		"periodicalDamage": 14,
		"periodicalDamageRadius": 192,
		"periodicalDamageTime": 50,
		"recoilValue": 10,
		"reloadTime": 10,
		"rotate": 180,
		"shortHit": 80,
		"shortRange": 384,
		"waterGfx": "FXMSplsh.PIE",
		"weaponClass": "HEAT",
		"weaponEffect": "FLAMER",
		"weaponSubClass": "BOMB",
		"weaponWav": "hwtzflgt.ogg",
		"weight": 500
	},
	"Bomb4-VTOL-HvyINC": {
		"buildPoints": 1200,
		"buildPower": 350,
		"damage": 350,
		"designable": 1,
		"effectSize": 100,
		"explosionWav": "lrgexpl.ogg",
		"facePlayer": 1,
		"firePause": 10,
		"flightGfx": "Fxmbmbi2.PIE",
		"flightSpeed": 475,
		"hitGfx": "FXLExp.PIE",
		"hitpoints": 50,
		"id": "Bomb4-VTOL-HvyINC",
		"lightWorld": 1,
		"longHit": 70,
		"longRange": 512,
		"minElevation": -80,
		"minimumDamage": 33,
		"missGfx": "FXLExp.PIE",
		"mountModel": "trmvtlin.PIE",
		"movement": "DIRECT",
		"muzzleGfx": "FXLRocPd.PIE",
		"name": "VTOL Thermite Bomb Bay",
		"numAttackRuns": 1,
		"numExplosions": 1,
		"numRounds": 2,
		"periodicalDamage": 70,
		"periodicalDamageRadius": 192,
		"periodicalDamageTime": 50,
		"radiusLife": 10,
		"recoilValue": 10,
		"reloadTime": 10,
		"rotate": 180,
		"shortHit": 80,
		"shortRange": 384,
		"waterGfx": "FXMSplsh.PIE",
		"weaponClass": "HEAT",
		"weaponEffect": "FLAMER",
		"weaponSubClass": "BOMB",
		"weaponWav": "hwtzflgt.ogg",
		"weight": 9000
	},
	"Cannon1-VTOL": {
		"buildPoints": 375,
		"buildPower": 75,
		"damage": 60,
		"designable": 1,
		"effectSize": 30,
		"explosionWav": "smlexpl.ogg",
		"facePlayer": 1,
		"firePause": 10,
		"flags": "ShootAir",
		"flightGfx": "FXcam20.PIE",
		"flightSpeed": 1000,
		"hitGfx": "FXMExp.PIE",
		"hitpoints": 10,
		"id": "Cannon1-VTOL",
		"lightWorld": 1,
		"longHit": 50,
		"longRange": 960,
		"minElevation": -90,
		"minimumDamage": 33,
		"missGfx": "FXMExp.PIE",
		"model": "GNLCAN.PIE",
		"mountModel": "TRLCAN.PIE",
		"movement": "DIRECT",
		"muzzleGfx": "FXCan20m.PIE",
		"name": "VTOL Cannon",
		"numAttackRuns": 4,
		"numExplosions": 2,
		"radius": 96,
		"radiusDamage": 5,
		"radiusLife": 100,
		"recoilValue": 100,
		"rotate": 180,
		"shortHit": 70,
		"shortRange": 640,
		"waterGfx": "FXSSplsh.PIE",
		"weaponClass": "KINETIC",
		"weaponEffect": "ALL ROUNDER",
		"weaponSubClass": "CANNON",
		"weaponWav": "smlcan.ogg",
		"weight": 1000
	},
	"Cannon1Mk1": {
		"buildPoints": 375,
		"buildPower": 75,
		"damage": 20,
		"designable": 1,
		"effectSize": 30,
		"explosionWav": "smlexpl.ogg",
		"facePlayer": 1,
		"firePause": 10,
		"flightGfx": "FXcam20.PIE",
		"flightSpeed": 1000,
		"hitGfx": "FXGRDexl.PIE",
		"hitpoints": 200,
		"id": "Cannon1Mk1",
		"lightWorld": 1,
		"longHit": 50,
		"longRange": 960,
		"maxElevation": 90,
		"minElevation": -90,
		"minimumDamage": 33,
		"missGfx": "FXGRDexl.PIE",
		"model": "GNLCAN.PIE",
		"mountModel": "TRLCAN.PIE",
		"movement": "DIRECT",
		"muzzleGfx": "FXCan20m.PIE",
		"name": "Light Cannon",
		"numExplosions": 2,
		"radius": 64,
		"radiusDamage": 5,
		"radiusLife": 100,
		"recoilValue": 100,
		"rotate": 180,
		"shortHit": 70,
		"shortRange": 640,
		"waterGfx": "FXSSplsh.PIE",
		"weaponClass": "KINETIC",
		"weaponEffect": "ALL ROUNDER",
		"weaponSubClass": "CANNON",
		"weaponWav": "smlcan.ogg",
		"weight": 1000
	},
	"Cannon2A-TMk1": {
		"buildPoints": 500,
		"buildPower": 125,
		"damage": 40,
		"designable": 1,
		"effectSize": 60,
		"explosionWav": "smlexpl.ogg",
		"facePlayer": 1,
		"firePause": 20,
		"flightGfx": "FXCAmmo.PIE",
		"flightSpeed": 1000,
		"hitGfx": "FXGRDexl.PIE",
		"hitpoints": 350,
		"id": "Cannon2A-TMk1",
		"lightWorld": 1,
		"longHit": 50,
		"longRange": 960,
		"maxElevation": 90,
		"minElevation": -60,
		"minimumDamage": 33,
		"missGfx": "FXGRDexl.PIE",
		"model": "GNMCAN.PIE",
		"mountModel": "TRMCAN.PIE",
		"movement": "DIRECT",
		"muzzleGfx": "FXCan40m.PIE",
		"name": "Medium Cannon",
		"numExplosions": 2,
		"radius": 128,
		"radiusDamage": 10,
		"radiusLife": 100,
		"recoilValue": 100,
		"rotate": 180,
		"shortHit": 70,
		"shortRange": 640,
		"waterGfx": "FXMSteam.PIE",
		"weaponClass": "KINETIC",
		"weaponEffect": "ALL ROUNDER",
		"weaponSubClass": "CANNON",
		"weaponWav": "medcan.ogg",
		"weight": 5000
	},
	"Cannon375mmMk1": {
		"buildPoints": 800,
		"buildPower": 200,
		"damage": 80,
		"designable": 1,
		"effectSize": 90,
		"explosionWav": "lrgexpl.ogg",
		"facePlayer": 1,
		"firePause": 40,
		"flightGfx": "FXCAmmo.PIE",
		"flightSpeed": 1000,
		"hitGfx": "FXGRDexl.PIE",
		"hitpoints": 500,
		"id": "Cannon375mmMk1",
		"lightWorld": 1,
		"longHit": 50,
		"longRange": 1024,
		"maxElevation": 90,
		"minElevation": -60,
		"minimumDamage": 33,
		"missGfx": "FXGRDexl.PIE",
		"model": "GNHCAN.PIE",
		"mountModel": "TRHCAN.PIE",
		"movement": "DIRECT",
		"muzzleGfx": "FxCan75m.PIE",
		"name": "Heavy Cannon",
		"numExplosions": 2,
		"radius": 192,
		"radiusDamage": 20,
		"radiusLife": 100,
		"recoilValue": 150,
		"rotate": 180,
		"shortHit": 70,
		"shortRange": 768,
		"waterGfx": "FXSSplsh.PIE",
		"weaponClass": "KINETIC",
		"weaponEffect": "ALL ROUNDER",
		"weaponSubClass": "CANNON",
		"weaponWav": "lrgcan.ogg",
		"weight": 10000
	},
	"Cannon4AUTO-VTOL": {
		"buildPoints": 700,
		"buildPower": 175,
		"damage": 195,
		"designable": 1,
		"effectSize": 50,
		"explosionWav": "smlexpl.ogg",
		"facePlayer": 1,
		"firePause": 20,
		"flags": "ShootAir",
		"flightGfx": "FXTracer.PIE",
		"flightSpeed": 1000,
		"hitGfx": "FXMExp.PIE",
		"hitpoints": 10,
		"id": "Cannon4AUTO-VTOL",
		"lightWorld": 1,
		"longHit": 50,
		"longRange": 1152,
		"minElevation": -60,
		"minimumDamage": 33,
		"missGfx": "FXMExp.PIE",
		"model": "GNLACAN.PIE",
		"mountModel": "TRLACAN.PIE",
		"movement": "DIRECT",
		"muzzleGfx": "FXCan20A.PIE",
		"name": "VTOL Hyper Velocity Cannon",
		"numAttackRuns": 4,
		"numExplosions": 2,
		"radius": 96,
		"radiusDamage": 10,
		"radiusLife": 10,
		"recoilValue": 100,
		"rotate": 180,
		"shortHit": 70,
		"shortRange": 768,
		"waterGfx": "FXSSplsh.PIE",
		"weaponClass": "KINETIC",
		"weaponEffect": "ALL ROUNDER",
		"weaponSubClass": "CANNON",
		"weaponWav": "hivelcan.ogg",
		"weight": 1000
	},
	"Cannon4AUTOMk1": {
		"buildPoints": 700,
		"buildPower": 175,
		"damage": 65,
		"designable": 1,
		"effectSize": 50,
		"explosionWav": "smlexpl.ogg",
		"facePlayer": 1,
		"firePause": 20,
		"flightGfx": "FXTracer.PIE",
		"flightSpeed": 1000,
		"hitGfx": "FXGRDexl.PIE",
		"hitpoints": 600,
		"id": "Cannon4AUTOMk1",
		"lightWorld": 1,
		"longHit": 50,
		"longRange": 1152,
		"maxElevation": 90,
		"minElevation": -60,
		"minimumDamage": 33,
		"missGfx": "FXGRDexl.PIE",
		"model": "GNLACAN.PIE",
		"mountModel": "TRLACAN.PIE",
		"movement": "DIRECT",
		"muzzleGfx": "FXCan20A.PIE",
		"name": "Hyper Velocity Cannon",
		"numExplosions": 2,
		"radius": 64,
		"radiusDamage": 10,
		"radiusLife": 10,
		"recoilValue": 100,
		"rotate": 180,
		"shortHit": 70,
		"shortRange": 768,
		"waterGfx": "FXSSplsh.PIE",
		"weaponClass": "KINETIC",
		"weaponEffect": "ALL ROUNDER",
		"weaponSubClass": "CANNON",
		"weaponWav": "hivelcan.ogg",
		"weight": 5000
	},
	"Cannon5Vulcan-VTOL": {
		"buildPoints": 800,
		"buildPower": 200,
		"damage": 150,
		"designable": 1,
		"effectSize": 50,
		"explosionWav": "smlexpl.ogg",
		"facePlayer": 1,
		"firePause": 12,
		"flags": "ShootAir",
		"flightGfx": "FXTracer.PIE",
		"flightSpeed": 1000,
		"hitGfx": "FXMExp.PIE",
		"hitpoints": 10,
		"id": "Cannon5Vulcan-VTOL",
		"lightWorld": 1,
		"longHit": 50,
		"longRange": 1024,
		"minElevation": -60,
		"minimumDamage": 33,
		"missGfx": "FXMExp.PIE",
		"model": "GNMVCAN.PIE",
		"mountModel": "TRMVCAN.PIE",
		"movement": "DIRECT",
		"muzzleGfx": "FXVulCan.PIE",
		"name": "VTOL Assault Cannon",
		"numAttackRuns": 4,
		"numExplosions": 2,
		"radius": 96,
		"recoilValue": 25,
		"rotate": 180,
		"shortHit": 70,
		"shortRange": 768,
		"waterGfx": "FXSSplsh.PIE",
		"weaponClass": "KINETIC",
		"weaponEffect": "ALL ROUNDER",
		"weaponSubClass": "CANNON",
		"weaponWav": "rapdcan.ogg",
		"weight": 1500
	},
	"Cannon5VulcanMk1": {
		"buildPoints": 800,
		"buildPower": 200,
		"damage": 50,
		"designable": 1,
		"effectSize": 50,
		"explosionWav": "smlexpl.ogg",
		"facePlayer": 1,
		"firePause": 12,
		"flightGfx": "FXTracer.PIE",
		"flightSpeed": 1000,
		"hitGfx": "FXMExp.PIE",
		"hitpoints": 400,
		"id": "Cannon5VulcanMk1",
		"lightWorld": 1,
		"longHit": 50,
		"longRange": 1024,
		"maxElevation": 90,
		"minElevation": -60,
		"minimumDamage": 33,
		"missGfx": "FXMExp.PIE",
		"model": "GNMVCAN.PIE",
		"mountModel": "TRMVCAN.PIE",
		"movement": "DIRECT",
		"muzzleGfx": "FXVulCan.PIE",
		"name": "Assault Cannon",
		"numExplosions": 2,
		"radius": 64,
		"recoilValue": 25,
		"rotate": 180,
		"shortHit": 70,
		"shortRange": 768,
		"waterGfx": "FXSSplsh.PIE",
		"weaponClass": "KINETIC",
		"weaponEffect": "ALL ROUNDER",
		"weaponSubClass": "CANNON",
		"weaponWav": "rapdcan.ogg",
		"weight": 7500
	},
	"CommandTurret1": {
		"buildPoints": 100,
		"buildPower": 100,
		"damage": 0,
		"effectSize": 100,
		"facePlayer": 1,
		"firePause": 3,
		"flightGfx": "FXBeam.PIE",
		"flightSpeed": 1000,
		"hitGfx": "FXSFlms.PIE",
		"hitpoints": 999,
		"id": "CommandTurret1",
		"lightWorld": 1,
		"longHit": 99,
		"longRange": 1536,
		"maxElevation": 90,
		"minElevation": -30,
		"minimumDamage": 33,
		"missGfx": "FXSFlms.PIE",
		"model": "GNLCMD1.PIE",
		"mountModel": "TRLCMD1.PIE",
		"movement": "DIRECT",
		"muzzleGfx": "FXHBLas.PIE",
		"name": "Command Turret",
		"numExplosions": 1,
		"rotate": 180,
		"shortHit": 99,
		"shortRange": 1536,
		"waterGfx": "FXSFlms.PIE",
		"weaponClass": "KINETIC",
		"weaponEffect": "ANTI PERSONNEL",
		"weaponSubClass": "COMMAND",
		"weaponWav": "rotlsr.ogg",
		"weight": 1000
	},
	"Cyb-Wpn-Atmiss": {
		"buildPoints": 1000,
		"buildPower": 250,
		"damage": 430,
		"effectSize": 50,
		"explosionWav": "smlexpl.ogg",
		"facePlayer": 1,
		"firePause": 90,
		"flags": "ShootAir",
		"flightGfx": "FXMPLME.PIE",
		"flightSpeed": 900,
		"hitGfx": "FXMExp.PIE",
		"hitpoints": 100,
		"id": "Cyb-Wpn-Atmiss",
		"lightWorld": 1,
		"longHit": 80,
		"longRange": 1920,
		"maxElevation": 90,
		"minElevation": -30,
		"minRange": 64,
		"minimumDamage": 33,
		"missGfx": "FXMExp.PIE",
		"model": "CY_MISS.PIE",
		"mountModel": "Cybody.PIE",
		"movement": "HOMING-DIRECT",
		"muzzleGfx": "FXATMiss.PIE",
		"name": "*Cyb-Wpn-Atmiss*",
		"numExplosions": 2,
		"recoilValue": 20,
		"rotate": 180,
		"shortHit": 70,
		"shortRange": 640,
		"waterGfx": "FXSSplsh.PIE",
		"weaponClass": "KINETIC",
		"weaponEffect": "ANTI TANK",
		"weaponSubClass": "MISSILE",
		"weaponWav": "rocket.ogg",
		"weight": 120
	},
	"Cyb-Wpn-Laser": {
		"buildPoints": 600,
		"buildPower": 150,
		"damage": 120,
		"effectSize": 100,
		"explosionWav": "lsrexpl.ogg",
		"facePlayer": 1,
		"firePause": 30,
		"flightGfx": "FXLFLSH.PIE",
		"flightSpeed": 1600,
		"hitGfx": "FXFLSHL.PIE",
		"hitpoints": 100,
		"id": "Cyb-Wpn-Laser",
		"lightWorld": 1,
		"longHit": 65,
		"longRange": 1408,
		"maxElevation": 90,
		"minElevation": -60,
		"minimumDamage": 33,
		"missGfx": "FXFLSHL.PIE",
		"model": "CY_LAS.PIE",
		"mountModel": "Cybody.PIE",
		"movement": "DIRECT",
		"muzzleGfx": "FXLasRot.PIE",
		"name": "*Cyb-Wpn-Laser*",
		"numExplosions": 1,
		"recoilValue": 10,
		"rotate": 180,
		"shortHit": 80,
		"shortRange": 768,
		"waterGfx": "FXFLSHL.PIE",
		"weaponClass": "HEAT",
		"weaponEffect": "ANTI PERSONNEL",
		"weaponSubClass": "ENERGY",
		"weaponWav": "bemlsr.ogg",
		"weight": 120
	},
	"Cyb-Wpn-Rail1": {
		"buildPoints": 800,
		"buildPower": 200,
		"damage": 200,
		"effectSize": 100,
		"explosionWav": "gaussgun.ogg",
		"facePlayer": 1,
		"firePause": 24,
		"flightGfx": "FXGAmmo.PIE",
		"flightSpeed": 1000,
		"hitGfx": "FXFlecht.PIE",
		"hitpoints": 100,
		"id": "Cyb-Wpn-Rail1",
		"longHit": 70,
		"longRange": 1408,
		"maxElevation": 90,
		"minElevation": -60,
		"minimumDamage": 33,
		"missGfx": "FXFlecht.PIE",
		"model": "CY_RAIL.PIE",
		"mountModel": "Cybody.PIE",
		"movement": "DIRECT",
		"muzzleGfx": "FXLGauss.PIE",
		"name": "*Cyb-Wpn-Rail1*",
		"numExplosions": 1,
		"numRounds": 3,
		"recoilValue": 50,
		"rotate": 180,
		"shortHit": 80,
		"shortRange": 768,
		"waterGfx": "FXFlecht.PIE",
		"weaponClass": "KINETIC",
		"weaponEffect": "ALL ROUNDER",
		"weaponSubClass": "GAUSS",
		"weaponWav": "gaussgun.ogg",
		"weight": 120
	},
	"CyborgCannon": {
		"buildPoints": 240,
		"buildPower": 60,
		"damage": 20,
		"effectSize": 25,
		"explosionWav": "smlexpl.ogg",
		"facePlayer": 1,
		"firePause": 10,
		"flightGfx": "FXcam20.PIE",
		"flightSpeed": 1000,
		"hitGfx": "FXGRDexl.PIE",
		"hitpoints": 50,
		"id": "CyborgCannon",
		"lightWorld": 1,
		"longHit": 50,
		"longRange": 832,
		"maxElevation": 90,
		"minElevation": -60,
		"minimumDamage": 33,
		"missGfx": "FXGRDexl.PIE",
		"model": "cy_CAN.pie",
		"mountModel": "Cybody.pie",
		"movement": "DIRECT",
		"muzzleGfx": "FXCan20m.PIE",
		"name": "Heavy Gunner",
		"numExplosions": 2,
		"radius": 64,
		"recoilValue": 100,
		"rotate": 180,
		"shortHit": 70,
		"shortRange": 512,
		"waterGfx": "FXSSplsh.PIE",
		"weaponClass": "KINETIC",
		"weaponEffect": "ALL ROUNDER",
		"weaponSubClass": "CANNON",
		"weaponWav": "smlcan.ogg",
		"weight": 120
	},
	"CyborgChaingun": {
		"buildPoints": 160,
		"buildPower": 40,
		"damage": 18,
		"effectSize": 100,
		"facePlayer": 1,
		"firePause": 7,
		"flightGfx": "FXTracer.PIE",
		"flightSpeed": 1000,
		"hitGfx": "FXMETHIT.PIE",
		"hitpoints": 50,
		"id": "CyborgChaingun",
		"longHit": 60,
		"longRange": 832,
		"maxElevation": 90,
		"minElevation": -60,
		"minimumDamage": 33,
		"missGfx": "FXDIRTsp.PIE",
		"model": "cy_gun.pie",
		"mountModel": "Cybody.pie",
		"movement": "DIRECT",
		"muzzleGfx": "FXLMgun.PIE",
		"name": "Machinegunner",
		"numExplosions": 1,
		"recoilValue": 20,
		"rotate": 180,
		"shortHit": 75,
		"shortRange": 512,
		"waterGfx": "FXSSplsh.PIE",
		"weaponClass": "KINETIC",
		"weaponEffect": "ANTI PERSONNEL",
		"weaponSubClass": "MACHINE GUN",
		"weaponWav": "mgbar2.ogg",
		"weight": 120
	},
	"CyborgFlamer01": {
		"buildPoints": 200,
		"buildPower": 50,
		"damage": 12,
		"effectSize": 100,
		"facePlayer": 1,
		"firePause": 22,
		"flightGfx": "FXLThrow.PIE",
		"flightSpeed": 800,
		"hitGfx": "FXMETHIT.PIE",
		"hitpoints": 10,
		"id": "CyborgFlamer01",
		"lightWorld": 1,
		"longHit": 65,
		"longRange": 384,
		"maxElevation": 90,
		"minElevation": -60,
		"minRange": 64,
		"minimumDamage": 33,
		"missGfx": "FXMETHIT.PIE",
		"model": "cy_flame.pie",
		"mountModel": "Cybody.pie",
		"movement": "DIRECT",
		"muzzleGfx": "FXCan20m.PIE",
		"name": "Cyborg Flamer",
		"NoFriendlyFire": 1,
		"numExplosions": 1,
		"periodicalDamage": 10,
		"periodicalDamageRadius": 32,
		"periodicalDamageTime": 50,
		"rotate": 180,
		"shortHit": 90,
		"shortRange": 256,
		"waterGfx": "FXMETHIT.PIE",
		"weaponClass": "HEAT",
		"weaponEffect": "FLAMER",
		"weaponSubClass": "FLAME",
		"weaponWav": "flmthrow.ogg",
		"weight": 120
	},
	"CyborgRocket": {
		"buildPoints": 500,
		"buildPower": 125,
		"damage": 120,
		"effectSize": 25,
		"explosionWav": "lrgexpl.ogg",
		"faceInFlight": 1,
		"facePlayer": 1,
		"firePause": 60,
		"flags": "ShootAir",
		"flightGfx": "fxmflare.PIE",
		"flightSpeed": 1200,
		"hitGfx": "fxmexp.PIE",
		"hitpoints": 50,
		"id": "CyborgRocket",
		"lightWorld": 1,
		"longHit": 60,
		"longRange": 1024,
		"maxElevation": 90,
		"minElevation": -60,
		"minRange": 64,
		"minimumDamage": 33,
		"missGfx": "fxmexp.PIE",
		"model": "cy_rkt.PIE",
		"mountModel": "cybody.PIE",
		"movement": "DIRECT",
		"muzzleGfx": "FXLRocPd.PIE",
		"name": "Cyborg Lancer",
		"numExplosions": 2,
		"radiusLife": 10,
		"rotate": 180,
		"shortHit": 65,
		"shortRange": 384,
		"waterGfx": "fxssplsh.PIE",
		"weaponClass": "KINETIC",
		"weaponEffect": "ANTI TANK",
		"weaponSubClass": "SLOW ROCKET",
		"weaponWav": "rocket.ogg",
		"weight": 120
	},
	"CyborgRotMG": {
		"buildPoints": 270,
		"buildPower": 90,
		"damage": 20,
		"effectSize": 100,
		"facePlayer": 1,
		"firePause": 5,
		"flightGfx": "fxtracerh.pie",
		"flightSpeed": 1000,
		"hitGfx": "FXMETHIT.PIE",
		"hitpoints": 60,
		"id": "CyborgRotMG",
		"longHit": 60,
		"longRange": 1024,
		"maxElevation": 90,
		"minElevation": -60,
		"minimumDamage": 33,
		"missGfx": "FXDIRTsp.PIE",
		"model": "cy_gun.pie",
		"mountModel": "Cybody.pie",
		"movement": "DIRECT",
		"muzzleGfx": "FXLMgun.PIE",
		"name": "*CyborgRotMG*",
		"numExplosions": 1,
		"recoilValue": 20,
		"rotate": 180,
		"shortHit": 75,
		"shortRange": 640,
		"waterGfx": "FXSSplsh.PIE",
		"weaponClass": "KINETIC",
		"weaponEffect": "ANTI PERSONNEL",
		"weaponSubClass": "MACHINE GUN",
		"weaponWav": "asltmg.ogg",
		"weight": 120
	},
	"Flame1Mk1": {
		"buildPoints": 120,
		"buildPower": 22,
		"damage": 12,
		"designable": 1,
		"effectSize": 100,
		"facePlayer": 1,
		"firePause": 22,
		"flightGfx": "FXLThrow.PIE",
		"flightSpeed": 400,
		"hitGfx": "FXMETHIT.PIE",
		"hitpoints": 90,
		"id": "Flame1Mk1",
		"lightWorld": 1,
		"longHit": 65,
		"longRange": 512,
		"maxElevation": 90,
		"minElevation": -60,
		"minRange": 64,
		"minimumDamage": 34,
		"missGfx": "FXMETHIT.PIE",
		"model": "GNLFLMR.PIE",
		"mountModel": "TRLFLMR.PIE",
		"movement": "DIRECT",
		"muzzleGfx": "FXCan20m.PIE",
		"name": "Flamer",
		"NoFriendlyFire": 1,
		"numExplosions": 1,
		"periodicalDamage": 14,
		"periodicalDamageRadius": 100,
		"periodicalDamageTime": 50,
		"rotate": 180,
		"shortHit": 90,
		"shortRange": 384,
		"waterGfx": "FXMETHIT.PIE",
		"weaponClass": "HEAT",
		"weaponEffect": "FLAMER",
		"weaponSubClass": "FLAME",
		"weaponWav": "flmthrow.ogg",
		"weight": 250
	},
	"Flame1Mk1-Tower": {
		"buildPoints": 150,
		"buildPower": 33,
		"damage": 18,
		"designable": 0,
		"effectSize": 100,
		"facePlayer": 1,
		"firePause": 38,
		"flightGfx": "FXLThrow.PIE",
		"flightSpeed": 700,
		"hitGfx": "FXMETHIT.PIE",
		"hitpoints": 50,
		"id": "Flame1Mk1-Tower",
		"lightWorld": 1,
		"longHit": 70,
		"longRange": 864,
		"maxElevation": 90,
		"minElevation": -60,
		"minRange": 64,
		"minimumDamage": 34,
		"missGfx": "FXMETHIT.PIE",
		"model": "GNLFLMR.PIE",
		"mountModel": "TRLFLMR.PIE",
		"movement": "DIRECT",
		"muzzleGfx": "FXCan20m.PIE",
		"name": "Flamer Tower",
		"NoFriendlyFire": 1,
		"numExplosions": 1,
		"periodicalDamage": 10,
		"periodicalDamageRadius": 110,
		"periodicalDamageTime": 40,
		"rotate": 180,
		"shortHit": 90,
		"shortRange": 576,
		"waterGfx": "FXMETHIT.PIE",
		"weaponClass": "HEAT",
		"weaponEffect": "FLAMER",
		"weaponSubClass": "FLAME",
		"weaponWav": "flmthrow.ogg",
		"weight": 250
	},
	"Flame2": {
		"buildPoints": 400,
		"buildPower": 80,
		"damage": 40,
		"designable": 1,
		"effectSize": 100,
		"facePlayer": 1,
		"firePause": 50,
		"flightGfx": "FXLProj.PIE",
		"flightSpeed": 800,
		"hitGfx": "FXMNExp.PIE",
		"hitpoints": 75,
		"id": "Flame2",
		"lightWorld": 1,
		"longHit": 50,
		"longRange": 704,
		"maxElevation": 90,
		"minElevation": -60,
		"minRange": 64,
		"minimumDamage": 33,
		"missGfx": "FXMNExp.PIE",
		"model": "GNMFLMR.PIE",
		"mountModel": "TRMFLMR.PIE",
		"movement": "DIRECT",
		"muzzleGfx": "FXLMgun2.PIE",
		"name": "Inferno",
		"NoFriendlyFire": 1,
		"numExplosions": 1,
		"periodicalDamage": 20,
		"periodicalDamageRadius": 96,
		"periodicalDamageTime": 60,
		"rotate": 180,
		"shortHit": 75,
		"shortRange": 512,
		"waterGfx": "FXSSplsh.PIE",
		"weaponClass": "HEAT",
		"weaponEffect": "FLAMER",
		"weaponSubClass": "FLAME",
		"weaponWav": "flmthrow.ogg",
		"weight": 1000
	},
	"Howitzer03-Rot": {
		"buildPoints": 1600,
		"buildPower": 400,
		"damage": 80,
		"designable": 1,
		"effectSize": 200,
		"explosionWav": "lrgexpl.ogg",
		"facePlayer": 1,
		"fireOnMove": 0,
		"firePause": 5,
		"flightGfx": "FXCAmmo.PIE",
		"flightSpeed": 1000,
		"hitGfx": "FXLExp.PIE",
		"hitpoints": 5,
		"id": "Howitzer03-Rot",
		"lightWorld": 1,
		"longHit": 70,
		"longRange": 7040,
		"maxElevation": 90,
		"minRange": 128,
		"minimumDamage": 33,
		"missGfx": "FXLExp.PIE",
		"model": "GNHHOWT2.PIE",
		"mountModel": "TRHHOW2.PIE",
		"movement": "INDIRECT",
		"muzzleGfx": "FXHHowt2.PIE",
		"name": "Hellstorm",
		"numExplosions": 2,
		"numRounds": 3,
		"radius": 160,
		"radiusDamage": 100,
		"radiusLife": 10,
		"recoilValue": 250,
		"reloadTime": 150,
		"shortHit": 60,
		"shortRange": 1920,
		"waterGfx": "FXLSplsh.PIE",
		"weaponClass": "KINETIC",
		"weaponEffect": "ARTILLERY ROUND",
		"weaponSubClass": "HOWITZERS",
		"weaponWav": "lrgcan.ogg",
		"weight": 10000
	},
	"Howitzer105Mk1": {
		"buildPoints": 1000,
		"buildPower": 250,
		"damage": 120,
		"designable": 1,
		"effectSize": 250,
		"explosionWav": "lrgexpl.ogg",
		"facePlayer": 1,
		"fireOnMove": 0,
		"firePause": 60,
		"flightGfx": "FXCAmmo.PIE",
		"flightSpeed": 1000,
		"hitGfx": "FXLExp.PIE",
		"hitpoints": 5,
		"id": "Howitzer105Mk1",
		"lightWorld": 1,
		"longHit": 70,
		"longRange": 4992,
		"maxElevation": 90,
		"minRange": 128,
		"minimumDamage": 33,
		"missGfx": "FXLExp.PIE",
		"model": "GNMHOWT.PIE",
		"mountModel": "TRMHOWT.PIE",
		"movement": "INDIRECT",
		"muzzleGfx": "FxCan75m.PIE",
		"name": "Howitzer",
		"numExplosions": 2,
		"radius": 160,
		"radiusDamage": 150,
		"radiusLife": 10,
		"recoilValue": 250,
		"shortHit": 60,
		"shortRange": 1920,
		"waterGfx": "FXMSplsh.PIE",
		"weaponClass": "KINETIC",
		"weaponEffect": "ARTILLERY ROUND",
		"weaponSubClass": "HOWITZERS",
		"weaponWav": "lrgcan.ogg",
		"weight": 10000
	},
	"Howitzer150Mk1": {
		"buildPoints": 1250,
		"buildPower": 350,
		"damage": 150,
		"designable": 1,
		"effectSize": 200,
		"explosionWav": "lrgexpl.ogg",
		"facePlayer": 1,
		"fireOnMove": 0,
		"firePause": 100,
		"flightGfx": "FXCAmmo.PIE",
		"flightSpeed": 1000,
		"hitGfx": "FXVLExp.PIE",
		"hitpoints": 5,
		"id": "Howitzer150Mk1",
		"lightWorld": 1,
		"longHit": 70,
		"longRange": 9984,
		"maxElevation": 90,
		"minRange": 128,
		"minimumDamage": 33,
		"missGfx": "FXVLExp.PIE",
		"model": "GNHHOWT.PIE",
		"mountModel": "TRHHOWT.PIE",
		"movement": "INDIRECT",
		"muzzleGfx": "FXHHowt.PIE",
		"name": "Ground Shaker",
		"numExplosions": 2,
		"radius": 160,
		"radiusDamage": 185,
		"radiusLife": 10,
		"recoilValue": 240,
		"shortHit": 60,
		"shortRange": 1920,
		"waterGfx": "FXLSplsh.PIE",
		"weaponClass": "KINETIC",
		"weaponEffect": "ARTILLERY ROUND",
		"weaponSubClass": "HOWITZERS",
		"weaponWav": "lrgcan.ogg",
		"weight": 15000
	},
	"LasSat": {
		"buildPoints": 500,
		"buildPower": 100,
		"damage": 4000,
		"effectSize": 100,
		"explosionWav": "lsrexpl.ogg",
		"facePlayer": 1,
		"firePause": 30,
		"flightGfx": "FXBeam.PIE",
		"flightSpeed": 1000,
		"hitGfx": "FXMelt.PIE",
		"hitpoints": 500,
		"id": "LasSat",
		"lightWorld": 1,
		"longHit": 50,
		"longRange": 960,
		"maxElevation": 90,
		"minElevation": -60,
		"minimumDamage": 33,
		"missGfx": "FXSFlms.PIE",
		"model": "GNHBLAS.PIE",
		"mountModel": "TRMLAS.PIE",
		"movement": "DIRECT",
		"muzzleGfx": "FXHBLas.PIE",
		"name": "LasSat",
		"numExplosions": 1,
		"periodicalDamage": 380,
		"periodicalDamageRadius": 425,
		"periodicalDamageTime": 50,
		"radius": 256,
		"radiusDamage": 3000,
		"rotate": 180,
		"shortHit": 70,
		"shortRange": 640,
		"waterGfx": "FXSFlms.PIE",
		"weaponClass": "HEAT",
		"weaponEffect": "ARTILLERY ROUND",
		"weaponSubClass": "LAS_SAT",
		"weaponWav": "bemlsr.ogg",
		"weight": 600
	},
	"Laser2PULSE-VTOL": {
		"buildPoints": 800,
		"buildPower": 200,
		"damage": 480,
		"designable": 1,
		"effectSize": 100,
		"explosionWav": "lsrexpl.ogg",
		"facePlayer": 1,
		"firePause": 60,
		"flags": "ShootAir",
		"flightGfx": "FXPLAmmo.PIE",
		"flightSpeed": 1800,
		"hitGfx": "FXLENFL.PIE",
		"hitpoints": 125,
		"id": "Laser2PULSE-VTOL",
		"lightWorld": 1,
		"longHit": 50,
		"longRange": 2048,
		"minElevation": -60,
		"minimumDamage": 33,
		"missGfx": "FXLENFL.PIE",
		"model": "GNMLAS.PIE",
		"mountModel": "TRMLAS.PIE",
		"movement": "DIRECT",
		"muzzleGfx": "FXLasRot.PIE",
		"name": "VTOL Pulse Laser",
		"numAttackRuns": 2,
		"numExplosions": 1,
		"recoilValue": 15,
		"rotate": 180,
		"shortHit": 70,
		"shortRange": 1024,
		"waterGfx": "FXMExp.PIE",
		"weaponClass": "HEAT",
		"weaponEffect": "ANTI PERSONNEL",
		"weaponSubClass": "ENERGY",
		"weaponWav": "plslsr.ogg",
		"weight": 500
	},
	"Laser2PULSEMk1": {
		"buildPoints": 800,
		"buildPower": 200,
		"damage": 240,
		"designable": 1,
		"effectSize": 100,
		"explosionWav": "lsrexpl.ogg",
		"facePlayer": 1,
		"firePause": 60,
		"flightGfx": "FXPLAmmo.PIE",
		"flightSpeed": 1800,
		"hitGfx": "FXLENFL.PIE",
		"hitpoints": 250,
		"id": "Laser2PULSEMk1",
		"lightWorld": 1,
		"longHit": 70,
		"longRange": 2048,
		"maxElevation": 90,
		"minElevation": -60,
		"minimumDamage": 33,
		"missGfx": "FXLENFL.PIE",
		"model": "GNMLAS.PIE",
		"mountModel": "TRMLAS.PIE",
		"movement": "DIRECT",
		"muzzleGfx": "FXLasRot.PIE",
		"name": "Pulse Laser",
		"numExplosions": 1,
		"recoilValue": 15,
		"rotate": 180,
		"shortHit": 80,
		"shortRange": 1024,
		"waterGfx": "FXMExp.PIE",
		"weaponClass": "HEAT",
		"weaponEffect": "ANTI PERSONNEL",
		"weaponSubClass": "ENERGY",
		"weaponWav": "plslsr.ogg",
		"weight": 500
	},
	"Laser3BEAM-VTOL": {
		"buildPoints": 600,
		"buildPower": 150,
		"damage": 240,
		"designable": 1,
		"effectSize": 100,
		"explosionWav": "lsrexpl.ogg",
		"facePlayer": 1,
		"firePause": 30,
		"flags": "ShootAir",
		"flightGfx": "FXLFLSH.PIE",
		"flightSpeed": 1600,
		"hitGfx": "FXFLSHL.PIE",
		"hitpoints": 50,
		"id": "Laser3BEAM-VTOL",
		"lightWorld": 1,
		"longHit": 65,
		"longRange": 1536,
		"minElevation": -60,
		"minimumDamage": 33,
		"missGfx": "FXFLSHL.PIE",
		"model": "GNMRLAS.PIE",
		"mountModel": "TRMLAS.PIE",
		"movement": "DIRECT",
		"muzzleGfx": "FXHBLas.PIE",
		"name": "VTOL Flashlight",
		"numAttackRuns": 2,
		"numExplosions": 1,
		"recoilValue": 10,
		"rotate": 180,
		"shortHit": 80,
		"shortRange": 768,
		"waterGfx": "FXFLSHL.PIE",
		"weaponClass": "HEAT",
		"weaponEffect": "ANTI PERSONNEL",
		"weaponSubClass": "ENERGY",
		"weaponWav": "bemlsr.ogg",
		"weight": 300
	},
	"Laser3BEAMMk1": {
		"buildPoints": 600,
		"buildPower": 150,
		"damage": 120,
		"designable": 1,
		"effectSize": 100,
		"explosionWav": "lsrexpl.ogg",
		"facePlayer": 1,
		"firePause": 30,
		"flightGfx": "FXLFLSH.PIE",
		"flightSpeed": 1600,
		"hitGfx": "FXFLSHL.PIE",
		"hitpoints": 100,
		"id": "Laser3BEAMMk1",
		"lightWorld": 1,
		"longHit": 65,
		"longRange": 1536,
		"maxElevation": 90,
		"minElevation": -60,
		"minimumDamage": 33,
		"missGfx": "FXFLSHL.PIE",
		"model": "GNMRLAS.PIE",
		"mountModel": "TRMLAS.PIE",
		"movement": "DIRECT",
		"muzzleGfx": "FXHBLas.PIE",
		"name": "Flashlight",
		"numExplosions": 1,
		"recoilValue": 10,
		"rotate": 180,
		"shortHit": 80,
		"shortRange": 768,
		"waterGfx": "FXFLSHL.PIE",
		"weaponClass": "HEAT",
		"weaponEffect": "ANTI PERSONNEL",
		"weaponSubClass": "ENERGY",
		"weaponWav": "bemlsr.ogg",
		"weight": 300
	},
	"MG1-Pillbox": {
		"buildPoints": 50,
		"buildPower": 10,
		"damage": 10,
		"effectSize": 100,
		"facePlayer": 1,
		"firePause": 5,
		"flightGfx": "FXTracer.PIE",
		"flightSpeed": 1000,
		"hitGfx": "FXMETHIT.PIE",
		"hitpoints": 75,
		"id": "MG1-Pillbox",
		"longHit": 60,
		"longRange": 832,
		"maxElevation": 90,
		"minElevation": -60,
		"minimumDamage": 33,
		"missGfx": "FXDIRTsp.PIE",
		"movement": "DIRECT",
		"muzzleGfx": "FXLMgun.PIE",
		"name": "Machinegun Bunker",
		"numExplosions": 1,
		"recoilValue": 100,
		"rotate": 180,
		"shortHit": 75,
		"shortRange": 608,
		"waterGfx": "FXSSplsh.PIE",
		"weaponClass": "KINETIC",
		"weaponEffect": "ANTI PERSONNEL",
		"weaponSubClass": "MACHINE GUN",
		"weaponWav": "mgbar2.ogg",
		"weight": 200
	},
	"MG1-Tower": {
		"buildPoints": 50,
		"buildPower": 10,
		"damage": 8,
		"designable": 1,
		"effectSize": 100,
		"facePlayer": 1,
		"firePause": 4,
		"flags": "ShootAir",
		"flightGfx": "FXTracer.PIE",
		"flightSpeed": 1500,
		"hitGfx": "FXMETHIT.PIE",
		"hitpoints": 75,
		"id": "MG1-Tower",
		"longHit": 60,
		"longRange": 832,
		"maxElevation": 90,
		"minElevation": -60,
		"minimumDamage": 33,
		"missGfx": "FXDIRTsp.PIE",
		"model": "GNLMG1.PIE",
		"mountModel": "TRLMG1.PIE",
		"movement": "DIRECT",
		"muzzleGfx": "FXLMgun.PIE",
		"name": "Mounted Machinegun",
		"numExplosions": 1,
		"recoilValue": 20,
		"rotate": 180,
		"shortHit": 75,
		"shortRange": 608,
		"waterGfx": "FXSSplsh.PIE",
		"weaponClass": "KINETIC",
		"weaponEffect": "ANTI PERSONNEL",
		"weaponSubClass": "MACHINE GUN",
		"weaponWav": "mgbar2.ogg",
		"weight": 200
	},
	"MG1-VTOL": {
		"buildPoints": 50,
		"buildPower": 10,
		"damage": 30,
		"effectSize": 100,
		"facePlayer": 1,
		"firePause": 5,
		"flags": "ShootAir",
		"flightGfx": "FXTracer.PIE",
		"flightSpeed": 1000,
		"hitGfx": "FXMETHIT.PIE",
		"hitpoints": 75,
		"id": "MG1-VTOL",
		"longHit": 60,
		"longRange": 768,
		"minElevation": -60,
		"minimumDamage": 33,
		"missGfx": "FXDIRTsp.PIE",
		"model": "GNLMG1.PIE",
		"mountModel": "TRLMG1.PIE",
		"movement": "DIRECT",
		"muzzleGfx": "FXLMgun.PIE",
		"name": "VTOL Machinegun",
		"numAttackRuns": 4,
		"numExplosions": 1,
		"recoilValue": 20,
		"rotate": 180,
		"shortHit": 75,
		"shortRange": 512,
		"waterGfx": "FXSSplsh.PIE",
		"weaponClass": "KINETIC",
		"weaponEffect": "ANTI PERSONNEL",
		"weaponSubClass": "MACHINE GUN",
		"weaponWav": "mgbar2.ogg",
		"weight": 200
	},
	"MG1Mk1": {
		"buildPoints": 50,
		"buildPower": 10,
		"damage": 10,
		"designable": 1,
		"effectSize": 100,
		"facePlayer": 1,
		"firePause": 5,
		"flags": "ShootAir",
		"flightGfx": "FXTracer.PIE",
		"flightSpeed": 1000,
		"hitGfx": "FXMETHIT.PIE",
		"hitpoints": 75,
		"id": "MG1Mk1",
		"longHit": 60,
		"longRange": 768,
		"maxElevation": 90,
		"minElevation": -60,
		"minimumDamage": 33,
		"missGfx": "FXDIRTsp.PIE",
		"model": "GNLMG1.PIE",
		"mountModel": "TRLMG1.PIE",
		"movement": "DIRECT",
		"muzzleGfx": "FXLMgun.PIE",
		"name": "Machinegun",
		"numExplosions": 1,
		"recoilValue": 20,
		"rotate": 180,
		"shortHit": 75,
		"shortRange": 512,
		"waterGfx": "FXSSplsh.PIE",
		"weaponClass": "KINETIC",
		"weaponEffect": "ANTI PERSONNEL",
		"weaponSubClass": "MACHINE GUN",
		"weaponWav": "mgbar2.ogg",
		"weight": 200
	},
	"MG2-Pillbox": {
		"buildPoints": 125,
		"buildPower": 25,
		"damage": 14,
		"effectSize": 100,
		"facePlayer": 1,
		"firePause": 6,
		"flightGfx": "fxtracer_twin.pie",
		"flightSpeed": 1000,
		"hitGfx": "FXMETHIT.PIE",
		"hitpoints": 125,
		"id": "MG2-Pillbox",
		"longHit": 60,
		"longRange": 832,
		"maxElevation": 90,
		"minElevation": -60,
		"minimumDamage": 33,
		"missGfx": "FXDIRTsp.PIE",
		"movement": "DIRECT",
		"muzzleGfx": "FXLMgun2.PIE",
		"name": "Twin Machinegun Bunker",
		"numExplosions": 1,
		"recoilValue": 100,
		"rotate": 180,
		"shortHit": 75,
		"shortRange": 608,
		"waterGfx": "FXSSplsh.PIE",
		"weaponClass": "KINETIC",
		"weaponEffect": "ANTI PERSONNEL",
		"weaponSubClass": "MACHINE GUN",
		"weaponWav": "mgbar3.ogg",
		"weight": 400
	},
	"MG2-Tower": {
		"buildPoints": 125,
		"buildPower": 25,
		"damage": 14,
		"designable": 1,
		"effectSize": 100,
		"facePlayer": 1,
		"firePause": 6,
		"flags": "ShootAir",
		"flightGfx": "fxtracer_twin.pie",
		"flightSpeed": 1000,
		"hitGfx": "FXMETHIT.PIE",
		"hitpoints": 125,
		"id": "MG2-Tower",
		"longHit": 60,
		"longRange": 832,
		"maxElevation": 90,
		"minElevation": -60,
		"minimumDamage": 33,
		"missGfx": "FXDIRTsp.PIE",
		"model": "GNLMG2.PIE",
		"mountModel": "TRLMG2.PIE",
		"movement": "DIRECT",
		"muzzleGfx": "FXLMgun2.PIE",
		"name": "Twin Machinegun Tower",
		"numExplosions": 1,
		"recoilValue": 20,
		"rotate": 180,
		"shortHit": 75,
		"shortRange": 608,
		"waterGfx": "FXSSplsh.PIE",
		"weaponClass": "KINETIC",
		"weaponEffect": "ANTI PERSONNEL",
		"weaponSubClass": "MACHINE GUN",
		"weaponWav": "mgbar3.ogg",
		"weight": 400
	},
	"MG2-VTOL": {
		"buildPoints": 125,
		"buildPower": 25,
		"damage": 42,
		"effectSize": 100,
		"facePlayer": 1,
		"firePause": 6,
		"flags": "ShootAir",
		"flightGfx": "fxtracer_twin.pie",
		"flightSpeed": 1000,
		"hitGfx": "FXMETHIT.PIE",
		"hitpoints": 10,
		"id": "MG2-VTOL",
		"longHit": 60,
		"longRange": 768,
		"minElevation": -60,
		"minimumDamage": 33,
		"missGfx": "FXDIRTsp.PIE",
		"model": "GNLMG2.PIE",
		"mountModel": "TRLMG2.PIE",
		"movement": "DIRECT",
		"muzzleGfx": "FXLMgun2.PIE",
		"name": "VTOL Twin Machinegun",
		"numAttackRuns": 4,
		"numExplosions": 1,
		"recoilValue": 20,
		"rotate": 180,
		"shortHit": 75,
		"shortRange": 512,
		"waterGfx": "FXSSplsh.PIE",
		"weaponClass": "KINETIC",
		"weaponEffect": "ANTI PERSONNEL",
		"weaponSubClass": "MACHINE GUN",
		"weaponWav": "mgbar3.ogg",
		"weight": 350
	},
	"MG2Mk1": {
		"buildPoints": 125,
		"buildPower": 25,
		"damage": 14,
		"designable": 1,
		"effectSize": 100,
		"facePlayer": 1,
		"firePause": 6,
		"flags": "ShootAir",
		"flightGfx": "fxtracer_twin.pie",
		"flightSpeed": 1000,
		"hitGfx": "FXMETHIT.PIE",
		"hitpoints": 125,
		"id": "MG2Mk1",
		"longHit": 60,
		"longRange": 768,
		"maxElevation": 90,
		"minElevation": -60,
		"minimumDamage": 33,
		"missGfx": "FXDIRTsp.PIE",
		"model": "GNLMG2.PIE",
		"mountModel": "TRLMG2.PIE",
		"movement": "DIRECT",
		"muzzleGfx": "FXLMgun2.PIE",
		"name": "Twin Machinegun",
		"numExplosions": 1,
		"recoilValue": 20,
		"rotate": 180,
		"shortHit": 75,
		"shortRange": 512,
		"waterGfx": "FXSSplsh.PIE",
		"weaponClass": "KINETIC",
		"weaponEffect": "ANTI PERSONNEL",
		"weaponSubClass": "MACHINE GUN",
		"weaponWav": "mgbar3.ogg",
		"weight": 400
	},
	"MG3-Pillbox": {
		"buildPoints": 250,
		"buildPower": 50,
		"damage": 18,
		"effectSize": 150,
		"facePlayer": 1,
		"firePause": 7,
		"flightGfx": "fxtracerh.pie",
		"flightSpeed": 1000,
		"hitGfx": "FXMETHIT.PIE",
		"hitpoints": 175,
		"id": "MG3-Pillbox",
		"longHit": 60,
		"longRange": 992,
		"maxElevation": 90,
		"minElevation": -60,
		"minimumDamage": 33,
		"missGfx": "FXDIRTsp.PIE",
		"movement": "DIRECT",
		"muzzleGfx": "FXMgnVic.PIE",
		"name": "Heavy Machinegun Bunker",
		"numExplosions": 1,
		"recoilValue": 30,
		"rotate": 180,
		"shortHit": 75,
		"shortRange": 704,
		"waterGfx": "FXSSplsh.PIE",
		"weaponClass": "KINETIC",
		"weaponEffect": "ANTI PERSONNEL",
		"weaponSubClass": "MACHINE GUN",
		"weaponWav": "mgheavy.ogg",
		"weight": 600
	},
	"MG3-Tower": {
		"buildPoints": 280,
		"buildPower": 120,
		"damage": 18,
		"designable": 1,
		"effectSize": 150,
		"facePlayer": 1,
		"firePause": 7,
		"flags": "ShootAir",
		"flightGfx": "fxtracerh.pie",
		"flightSpeed": 1000,
		"hitGfx": "FXMETHIT.PIE",
		"hitpoints": 175,
		"id": "MG3Mk1",
		"longHit": 60,
		"longRange": 992,
		"maxElevation": 90,
		"minElevation": -60,
		"minimumDamage": 33,
		"missGfx": "FXDIRTsp.PIE",
		"model": "GNMMG1.PIE",
		"mountModel": "TRMMG.PIE",
		"movement": "DIRECT",
		"muzzleGfx": "FXMgnVic.PIE",
		"name": "Heavy Machinegun Tower",
		"numExplosions": 1,
		"recoilValue": 20,
		"rotate": 180,
		"shortHit": 75,
		"shortRange": 704,
		"waterGfx": "FXSSplsh.PIE",
		"weaponClass": "KINETIC",
		"weaponEffect": "ANTI PERSONNEL",
		"weaponSubClass": "MACHINE GUN",
		"weaponWav": "mgheavy.ogg",
		"weight": 600
	},
	"MG3-VTOL": {
		"buildPoints": 250,
		"buildPower": 50,
		"damage": 54,
		"designable": 1,
		"effectSize": 150,
		"facePlayer": 1,
		"firePause": 7,
		"flags": "ShootAir",
		"flightGfx": "fxtracerh.pie",
		"flightSpeed": 1000,
		"hitGfx": "FXMETHIT.PIE",
		"hitpoints": 10,
		"id": "MG3-VTOL",
		"longHit": 60,
		"longRange": 960,
		"minElevation": -60,
		"minimumDamage": 33,
		"missGfx": "FXDIRTsp.PIE",
		"model": "GNMMG1.PIE",
		"mountModel": "TRMMG.PIE",
		"movement": "DIRECT",
		"muzzleGfx": "FXMgnVic.PIE",
		"name": "VTOL Heavy Machinegun",
		"numAttackRuns": 4,
		"numExplosions": 1,
		"recoilValue": 20,
		"rotate": 180,
		"shortHit": 75,
		"shortRange": 640,
		"waterGfx": "FXSSplsh.PIE",
		"weaponClass": "KINETIC",
		"weaponEffect": "ANTI PERSONNEL",
		"weaponSubClass": "MACHINE GUN",
		"weaponWav": "mgheavy.ogg",
		"weight": 300
	},
	"MG3Mk1": {
		"buildPoints": 250,
		"buildPower": 50,
		"damage": 18,
		"designable": 1,
		"effectSize": 150,
		"facePlayer": 1,
		"firePause": 7,
		"flags": "ShootAir",
		"flightGfx": "fxtracerh.pie",
		"flightSpeed": 1000,
		"hitGfx": "FXMETHIT.PIE",
		"hitpoints": 175,
		"id": "MG3Mk1",
		"longHit": 60,
		"longRange": 960,
		"maxElevation": 90,
		"minElevation": -60,
		"minimumDamage": 33,
		"missGfx": "FXDIRTsp.PIE",
		"model": "GNMMG1.PIE",
		"mountModel": "TRMMG.PIE",
		"movement": "DIRECT",
		"muzzleGfx": "FXMgnVic.PIE",
		"name": "Heavy Machinegun",
		"numExplosions": 1,
		"recoilValue": 20,
		"rotate": 180,
		"shortHit": 75,
		"shortRange": 640,
		"waterGfx": "FXSSplsh.PIE",
		"weaponClass": "KINETIC",
		"weaponEffect": "ANTI PERSONNEL",
		"weaponSubClass": "MACHINE GUN",
		"weaponWav": "mgheavy.ogg",
		"weight": 600
	},
	"MG4ROTARY-Pillbox": {
		"buildPoints": 500,
		"buildPower": 100,
		"damage": 20,
		"effectSize": 100,
		"facePlayer": 1,
		"firePause": 5,
		"flightGfx": "fxtracerh.pie",
		"flightSpeed": 1000,
		"hitGfx": "FXMETHIT.PIE",
		"hitpoints": 300,
		"id": "MG4ROTARY-Pillbox",
		"longHit": 60,
		"longRange": 1152,
		"maxElevation": 90,
		"minElevation": -60,
		"minimumDamage": 33,
		"missGfx": "FXDIRTsp.PIE",
		"movement": "DIRECT",
		"muzzleGfx": "FXMgnVul.PIE",
		"name": "*MG4ROTARY-Pillbox*",
		"numExplosions": 1,
		"recoilValue": 30,
		"rotate": 180,
		"shortHit": 75,
		"shortRange": 768,
		"waterGfx": "FXSSplsh.PIE",
		"weaponClass": "KINETIC",
		"weaponEffect": "ANTI PERSONNEL",
		"weaponSubClass": "MACHINE GUN",
		"weaponWav": "asltmg.ogg",
		"weight": 600
	},
	"MG4ROTARY-VTOL": {
		"buildPoints": 500,
		"buildPower": 100,
		"damage": 60,
		"designable": 1,
		"effectSize": 100,
		"facePlayer": 1,
		"firePause": 5,
		"flags": "ShootAir",
		"flightGfx": "fxtracerh.pie",
		"flightSpeed": 1000,
		"hitGfx": "FXMETHIT.PIE",
		"hitpoints": 10,
		"id": "MG4ROTARY-VTOL",
		"longHit": 60,
		"longRange": 1152,
		"minElevation": -60,
		"minimumDamage": 33,
		"missGfx": "FXDIRTsp.PIE",
		"model": "GNMMG2.PIE",
		"mountModel": "TRMMG.PIE",
		"movement": "DIRECT",
		"muzzleGfx": "FXMgnVul.PIE",
		"name": "VTOL Assault Gun",
		"numAttackRuns": 6,
		"numExplosions": 1,
		"recoilValue": 30,
		"rotate": 180,
		"shortHit": 75,
		"shortRange": 768,
		"waterGfx": "FXSSplsh.PIE",
		"weaponClass": "KINETIC",
		"weaponEffect": "ANTI PERSONNEL",
		"weaponSubClass": "MACHINE GUN",
		"weaponWav": "asltmg.ogg",
		"weight": 300
	},
	"MG4ROTARYMk1": {
		"buildPoints": 500,
		"buildPower": 100,
		"damage": 20,
		"designable": 1,
		"effectSize": 100,
		"facePlayer": 1,
		"firePause": 5,
		"flags": "ShootAir",
		"flightGfx": "fxtracerh.pie",
		"flightSpeed": 1000,
		"hitGfx": "FXMETHIT.PIE",
		"hitpoints": 300,
		"id": "MG4ROTARYMk1",
		"longHit": 60,
		"longRange": 1152,
		"maxElevation": 90,
		"minElevation": -60,
		"minimumDamage": 33,
		"missGfx": "FXDIRTsp.PIE",
		"model": "GNMMG2.PIE",
		"mountModel": "TRMMG.PIE",
		"movement": "DIRECT",
		"muzzleGfx": "FXMgnVul.PIE",
		"name": "Assault Gun",
		"numExplosions": 1,
		"recoilValue": 30,
		"rotate": 180,
		"shortHit": 75,
		"shortRange": 768,
		"waterGfx": "FXSSplsh.PIE",
		"weaponClass": "KINETIC",
		"weaponEffect": "ANTI PERSONNEL",
		"weaponSubClass": "MACHINE GUN",
		"weaponWav": "asltmg.ogg",
		"weight": 600
	},
	"Missile-A-T": {
		"buildPoints": 1200,
		"buildPower": 300,
		"damage": 430,
		"designable": 1,
		"effectSize": 50,
		"explosionWav": "smlexpl.ogg",
		"facePlayer": 1,
		"firePause": 1,
		"flightGfx": "FXMPLME.PIE",
		"flightSpeed": 900,
		"hitGfx": "FXMExp.PIE",
		"hitpoints": 10,
		"id": "Missile-A-T",
		"lightWorld": 1,
		"longHit": 80,
		"longRange": 2048,
		"maxElevation": 90,
		"minElevation": -30,
		"minRange": 64,
		"minimumDamage": 33,
		"missGfx": "FXMExp.PIE",
		"model": "Gnmmslat.PIE",
		"mountModel": "Trmmslat.PIE",
		"movement": "HOMING-DIRECT",
		"muzzleGfx": "FXMRocAt.PIE",
		"name": "Scourge Missile",
		"numExplosions": 2,
		"numRounds": 2,
		"recoilValue": 20,
		"reloadTime": 180,
		"rotate": 180,
		"shortHit": 70,
		"shortRange": 640,
		"waterGfx": "FXSSplsh.PIE",
		"weaponClass": "KINETIC",
		"weaponEffect": "ANTI TANK",
		"weaponSubClass": "MISSILE",
		"weaponWav": "rocket.ogg",
		"weight": 400
	},
	"Missile-HvyArt": {
		"buildPoints": 1500,
		"buildPower": 500,
		"damage": 300,
		"designable": 1,
		"effectSize": 100,
		"explosionWav": "lrgexpl.ogg",
		"facePlayer": 1,
		"fireOnMove": 0,
		"firePause": 5,
		"flightGfx": "FXHPLME.PIE",
		"flightSpeed": 800,
		"hitGfx": "FXMExp.PIE",
		"hitpoints": 50,
		"id": "Missile-HvyArt",
		"lightWorld": 1,
		"longHit": 80,
		"longRange": 25088,
		"maxElevation": 45,
		"minElevation": -30,
		"minRange": 512,
		"minimumDamage": 33,
		"missGfx": "FXMExp.PIE",
		"model": "gnhmslab.PIE",
		"mountModel": "trhmslab.PIE",
		"movement": "HOMING-INDIRECT",
		"muzzleGfx": "FXICBM.PIE",
		"name": "Archangel Missile",
		"numExplosions": 1,
		"numRounds": 6,
		"radius": 128,
		"radiusDamage": 150,
		"radiusLife": 10,
		"recoilValue": 25,
		"reloadTime": 600,
		"shortHit": 50,
		"shortRange": 2048,
		"waterGfx": "FXMExp.PIE",
		"weaponClass": "KINETIC",
		"weaponEffect": "ARTILLERY ROUND",
		"weaponSubClass": "MISSILE",
		"weaponWav": "rocket.ogg",
		"weight": 10000
	},
	"Missile-HvySAM": {
		"buildPoints": 1200,
		"buildPower": 300,
		"damage": 250,
		"designable": 1,
		"effectSize": 100,
		"explosionWav": "lrgexpl.ogg",
		"faceInFlight": 1,
		"facePlayer": 1,
		"firePause": 5,
		"flags": "AirOnly",
		"flightGfx": "FXMflare.PIE",
		"flightSpeed": 700,
		"hitGfx": "FXMExp.PIE",
		"hitpoints": 10,
		"id": "Missile-HvySAM",
		"lightWorld": 1,
		"longHit": 70,
		"longRange": 2562,
		"maxElevation": 90,
		"minElevation": -45,
		"minRange": 512,
		"minimumDamage": 33,
		"missGfx": "FXMExp.PIE",
		"model": "Gnhmslsa.PIE",
		"mountModel": "Trhmslsa.PIE",
		"movement": "HOMING-DIRECT",
		"muzzleGfx": "FXICBM.PIE",
		"name": "Vindicator SAM",
		"numExplosions": 2,
		"numRounds": 4,
		"radiusLife": 10,
		"recoilValue": 25,
		"reloadTime": 150,
		"rotate": 180,
		"shortHit": 60,
		"shortRange": 2048,
		"waterGfx": "FXMExp.PIE",
		"weaponClass": "KINETIC",
		"weaponEffect": "ANTI AIRCRAFT",
		"weaponSubClass": "MISSILE",
		"weaponWav": "rocket.ogg",
		"weight": 6000
	},
	"Missile-LtSAM": {
		"buildPoints": 800,
		"buildPower": 200,
		"damage": 250,
		"designable": 1,
		"effectSize": 100,
		"explosionWav": "smlexpl.ogg",
		"faceInFlight": 1,
		"facePlayer": 1,
		"firePause": 5,
		"flags": "AirOnly",
		"flightGfx": "FXMflare.PIE",
		"flightSpeed": 800,
		"hitGfx": "FXMExp.PIE",
		"hitpoints": 50,
		"id": "Missile-LtSAM",
		"lightWorld": 1,
		"longHit": 70,
		"longRange": 2562,
		"maxElevation": 90,
		"minElevation": -45,
		"minRange": 128,
		"minimumDamage": 33,
		"missGfx": "FXSExp.PIE",
		"model": "Gnmmslsa.PIE",
		"mountModel": "Trmmslsa.PIE",
		"movement": "HOMING-DIRECT",
		"muzzleGfx": "FXATMiss.PIE",
		"name": "Avenger SAM",
		"numExplosions": 2,
		"numRounds": 2,
		"radiusLife": 10,
		"recoilValue": 25,
		"reloadTime": 150,
		"rotate": 180,
		"shortHit": 60,
		"shortRange": 2048,
		"waterGfx": "FXSSplsh.PIE",
		"weaponClass": "KINETIC",
		"weaponEffect": "ANTI AIRCRAFT",
		"weaponSubClass": "MISSILE",
		"weaponWav": "rocket.ogg",
		"weight": 400
	},
	"Missile-MdArt": {
		"buildPoints": 1200,
		"buildPower": 400,
		"damage": 200,
		"designable": 1,
		"effectSize": 100,
		"explosionWav": "lrgexpl.ogg",
		"facePlayer": 1,
		"fireOnMove": 0,
		"firePause": 2,
		"flightGfx": "FXMPLME.PIE",
		"flightSpeed": 1000,
		"hitGfx": "FXMExp.PIE",
		"hitpoints": 50,
		"id": "Missile-MdArt",
		"lightWorld": 1,
		"longHit": 80,
		"longRange": 12032,
		"maxElevation": 90,
		"minElevation": -30,
		"minRange": 512,
		"minimumDamage": 33,
		"missGfx": "FXMExp.PIE",
		"model": "Gnmmslaa.PIE",
		"mountModel": "Trmmslaa.PIE",
		"movement": "HOMING-INDIRECT",
		"muzzleGfx": "FXMMort.PIE",
		"name": "Angel Missile",
		"numExplosions": 2,
		"numRounds": 6,
		"radius": 96,
		"radiusDamage": 100,
		"radiusLife": 10,
		"recoilValue": 10,
		"reloadTime": 450,
		"rotate": 180,
		"shortHit": 50,
		"shortRange": 2048,
		"waterGfx": "FXMExp.PIE",
		"weaponClass": "KINETIC",
		"weaponEffect": "ARTILLERY ROUND",
		"weaponSubClass": "MISSILE",
		"weaponWav": "rocket.ogg",
		"weight": 1000
	},
	"Missile-VTOL-AT": {
		"buildPoints": 1200,
		"buildPower": 300,
		"damage": 860,
		"designable": 1,
		"effectSize": 50,
		"explosionWav": "smlexpl.ogg",
		"facePlayer": 1,
		"firePause": 1,
		"flags": "ShootAir",
		"flightGfx": "FXMPLME.PIE",
		"flightSpeed": 900,
		"hitGfx": "FXMExp.PIE",
		"hitpoints": 50,
		"id": "Missile-VTOL-AT",
		"lightWorld": 1,
		"longHit": 80,
		"longRange": 2048,
		"maxElevation": 20,
		"minElevation": -30,
		"minimumDamage": 33,
		"missGfx": "FXMExp.PIE",
		"model": "Gnmmslat.PIE",
		"mountModel": "Trmmslat.PIE",
		"movement": "HOMING-DIRECT",
		"muzzleGfx": "FXMRocAt.PIE",
		"name": "VTOL Scourge Missile",
		"numAttackRuns": 1,
		"numExplosions": 2,
		"numRounds": 2,
		"radius": 64,
		"radiusDamage": 20,
		"radiusLife": 10,
		"recoilValue": 20,
		"reloadTime": 180,
		"rotate": 180,
		"shortHit": 70,
		"shortRange": 640,
		"waterGfx": "FXSSplsh.PIE",
		"weaponClass": "KINETIC",
		"weaponEffect": "ANTI TANK",
		"weaponSubClass": "MISSILE",
		"weaponWav": "rocket.ogg",
		"weight": 750
	},
	"Mortar1Mk1": {
		"buildPoints": 500,
		"buildPower": 100,
		"damage": 50,
		"designable": 1,
		"effectSize": 75,
		"explosionWav": "lrgexpl.ogg",
		"facePlayer": 1,
		"fireOnMove": 0,
		"firePause": 60,
		"flightGfx": "FXTracer.PIE",
		"flightSpeed": 1000,
		"hitGfx": "FXLExp.PIE",
		"hitpoints": 90,
		"id": "Mortar1Mk1",
		"lightWorld": 1,
		"longHit": 50,
		"longRange": 2304,
		"maxElevation": 90,
		"minRange": 128,
		"minimumDamage": 33,
		"missGfx": "FXLExp.PIE",
		"model": "GNMMORT.PIE",
		"mountModel": "TRMMORT.PIE",
		"movement": "INDIRECT",
		"muzzleGfx": "FXMMort.PIE",
		"name": "Mortar",
		"numExplosions": 2,
		"radius": 64,
		"radiusDamage": 40,
		"radiusLife": 10,
		"recoilValue": 150,
		"shortHit": 40,
		"shortRange": 1152,
		"waterGfx": "FXLSplsh.PIE",
		"weaponClass": "KINETIC",
		"weaponEffect": "ARTILLERY ROUND",
		"weaponSubClass": "MORTARS",
		"weaponWav": "mortar.ogg",
		"weight": 1750
	},
	"Mortar2Mk1": {
		"buildPoints": 1000,
		"buildPower": 200,
		"damage": 100,
		"designable": 1,
		"effectSize": 100,
		"explosionWav": "lrgexpl.ogg",
		"facePlayer": 1,
		"fireOnMove": 0,
		"firePause": 90,
		"flightGfx": "FXCAmmo.PIE",
		"flightSpeed": 1000,
		"hitGfx": "FXMNExp.PIE",
		"hitpoints": 110,
		"id": "Mortar2Mk1",
		"lightWorld": 1,
		"longHit": 50,
		"longRange": 2304,
		"maxElevation": 90,
		"minRange": 128,
		"minimumDamage": 33,
		"missGfx": "FXLExp.PIE",
		"model": "GNHMORT2.PIE",
		"mountModel": "TRHRMORT.PIE",
		"movement": "INDIRECT",
		"muzzleGfx": "FxCan75m.PIE",
		"name": "Bombard",
		"numExplosions": 2,
		"radius": 96,
		"radiusDamage": 80,
		"radiusLife": 10,
		"recoilValue": 150,
		"shortHit": 40,
		"shortRange": 1152,
		"waterGfx": "FXMNExp.PIE",
		"weaponClass": "KINETIC",
		"weaponEffect": "ARTILLERY ROUND",
		"weaponSubClass": "MORTARS",
		"weaponWav": "mortar.ogg",
		"weight": 5000
	},
	"Mortar3ROTARYMk1": {
		"buildPoints": 900,
		"buildPower": 300,
		"damage": 50,
		"designable": 1,
		"effectSize": 100,
		"explosionWav": "lrgexpl.ogg",
		"facePlayer": 1,
		"fireOnMove": 0,
		"firePause": 20,
		"flightGfx": "FXCAmmo.PIE",
		"flightSpeed": 1000,
		"hitGfx": "FXLExp.PIE",
		"hitpoints": 60,
		"id": "Mortar3ROTARYMk1",
		"lightWorld": 1,
		"longHit": 50,
		"longRange": 2304,
		"maxElevation": 90,
		"minRange": 128,
		"minimumDamage": 33,
		"missGfx": "FXLExp.PIE",
		"model": "GNHMORT.PIE",
		"mountModel": "TRHRMORT.PIE",
		"movement": "INDIRECT",
		"muzzleGfx": "FXMMort.PIE",
		"name": "Pepperpot",
		"numExplosions": 2,
		"radius": 64,
		"radiusDamage": 40,
		"radiusLife": 10,
		"recoilValue": 150,
		"shortHit": 40,
		"shortRange": 1152,
		"waterGfx": "FXLSplsh.PIE",
		"weaponClass": "KINETIC",
		"weaponEffect": "ARTILLERY ROUND",
		"weaponSubClass": "MORTARS",
		"weaponWav": "mortar.ogg",
		"weight": 1000
	},
	"NEXUSlink": {
		"buildPoints": 375,
		"buildPower": 75,
		"damage": 2,
		"effectSize": 100,
		"explosionWav": "nxsexpld.ogg",
		"facePlayer": 1,
		"fireOnMove": 0,
		"firePause": 1,
		"flightGfx": "FXBeam.PIE",
		"flightSpeed": 1200,
		"hitGfx": "FXSFlms.PIE",
		"hitpoints": 300,
		"id": "NEXUSlink",
		"lightWorld": 1,
		"longHit": 100,
		"longRange": 1024,
		"maxElevation": 90,
		"minElevation": -60,
		"minimumDamage": 33,
		"missGfx": "FXSFlms.PIE",
		"model": "GNHECM3.PIE",
		"mountModel": "TRHECM3.PIE",
		"movement": "DIRECT",
		"muzzleGfx": "FXHBLas.PIE",
		"name": "*NEXUSlink*",
		"rotate": 180,
		"shortHit": 100,
		"shortRange": 1024,
		"waterGfx": "FXSFlms.PIE",
		"weaponClass": "HEAT",
		"weaponEffect": "ANTI PERSONNEL",
		"weaponSubClass": "ELECTRONIC",
		"weaponWav": "nxstower.ogg"
	},
	"NX-Cyb-Rail1": {
		"buildPoints": 800,
		"buildPower": 200,
		"damage": 200,
		"effectSize": 100,
		"explosionWav": "smlexpl.ogg",
		"facePlayer": 1,
		"firePause": 24,
		"flightGfx": "FXGAmmo.PIE",
		"flightSpeed": 1000,
		"hitGfx": "FXFlecht.PIE",
		"hitpoints": 100,
		"id": "NX-Cyb-Rail1",
		"longHit": 70,
		"longRange": 1536,
		"maxElevation": 90,
		"minElevation": -60,
		"minimumDamage": 33,
		"missGfx": "FXFlecht.PIE",
		"model": "CY_RAIL.PIE",
		"mountModel": "Cybodyjp.pie",
		"movement": "DIRECT",
		"muzzleGfx": "FXLGauss.PIE",
		"name": "*NX-Cyb-Rail1*",
		"numExplosions": 1,
		"recoilValue": 50,
		"rotate": 180,
		"shortHit": 80,
		"shortRange": 1024,
		"waterGfx": "FXFlecht.PIE",
		"weaponClass": "KINETIC",
		"weaponEffect": "ALL ROUNDER",
		"weaponSubClass": "GAUSS",
		"weaponWav": "gaussgun.ogg",
		"weight": 120
	},
	"NX-CyborgChaingun": {
		"buildPoints": 50,
		"buildPower": 10,
		"damage": 20,
		"effectSize": 100,
		"facePlayer": 1,
		"firePause": 5,
		"flightGfx": "FXTracer.PIE",
		"flightSpeed": 1000,
		"hitGfx": "FXMETHIT.PIE",
		"hitpoints": 50,
		"id": "NX-CyborgChaingun",
		"longHit": 60,
		"longRange": 1152,
		"maxElevation": 90,
		"minElevation": -60,
		"minimumDamage": 33,
		"missGfx": "FXDIRTsp.PIE",
		"model": "cy_gun.pie",
		"mountModel": "Cybodyjp.pie",
		"movement": "DIRECT",
		"muzzleGfx": "FXLMgun2.PIE",
		"name": "*NX-CyborgChaingun*",
		"numExplosions": 1,
		"recoilValue": 20,
		"rotate": 180,
		"shortHit": 75,
		"shortRange": 768,
		"waterGfx": "FXSSplsh.PIE",
		"weaponClass": "KINETIC",
		"weaponEffect": "ANTI PERSONNEL",
		"weaponSubClass": "MACHINE GUN",
		"weaponWav": "mgbar2.ogg",
		"weight": 120
	},
	"NX-CyborgMiss": {
		"buildPoints": 700,
		"buildPower": 250,
		"damage": 430,
		"effectSize": 50,
		"explosionWav": "smlexpl.ogg",
		"facePlayer": 1,
		"firePause": 90,
		"flags": "ShootAir",
		"flightGfx": "FXMflare.PIE",
		"flightSpeed": 900,
		"hitGfx": "FXMExp.PIE",
		"hitpoints": 100,
		"id": "NX-CyborgMiss",
		"lightWorld": 1,
		"longHit": 80,
		"longRange": 2048,
		"maxElevation": 90,
		"minElevation": -60,
		"minRange": 64,
		"minimumDamage": 33,
		"missGfx": "FXMExp.PIE",
		"model": "CY_MISS.PIE",
		"mountModel": "Cybodyjp.pie",
		"movement": "HOMING-DIRECT",
		"muzzleGfx": "FXLRocPd.PIE",
		"name": "*NX-CyborgMiss*",
		"numExplosions": 2,
		"radiusLife": 10,
		"recoilValue": 20,
		"rotate": 180,
		"shortHit": 70,
		"shortRange": 640,
		"waterGfx": "FXSSplsh.PIE",
		"weaponClass": "KINETIC",
		"weaponEffect": "ANTI TANK",
		"weaponSubClass": "MISSILE",
		"weaponWav": "rocket.ogg",
		"weight": 120
	},
	"NX-CyborgPulseLas": {
		"buildPoints": 375,
		"buildPower": 125,
		"damage": 240,
		"effectSize": 100,
		"explosionWav": "lsrexpl.ogg",
		"facePlayer": 1,
		"firePause": 60,
		"flightGfx": "FXLFLSH.PIE",
		"flightSpeed": 1600,
		"hitGfx": "FXFLSHL.PIE",
		"hitpoints": 100,
		"id": "NX-CyborgPulseLas",
		"lightWorld": 1,
		"longHit": 70,
		"longRange": 2048,
		"maxElevation": 90,
		"minElevation": -60,
		"minimumDamage": 33,
		"missGfx": "FXFLSHL.PIE",
		"model": "CY_LAS.PIE",
		"mountModel": "Cybodyjp.pie",
		"movement": "DIRECT",
		"muzzleGfx": "FXLasRot.PIE",
		"name": "*NX-CyborgPulseLas*",
		"numExplosions": 1,
		"recoilValue": 10,
		"rotate": 180,
		"shortHit": 80,
		"shortRange": 1536,
		"waterGfx": "FXFLSHL.PIE",
		"weaponClass": "HEAT",
		"weaponEffect": "ANTI PERSONNEL",
		"weaponSubClass": "ENERGY",
		"weaponWav": "plslsr.ogg",
		"weight": 120
	},
	"PlasmaHeavy": {
		"buildPoints": 375,
		"buildPower": 75,
		"damage": 500,
		"effectSize": 200,
		"explosionWav": "lrgexpl.ogg",
		"faceInFlight": 1,
		"facePlayer": 1,
		"fireOnMove": 0,
		"firePause": 60,
		"flightGfx": "FXMflare.PIE",
		"flightSpeed": 400,
		"hitGfx": "FXLExp.PIE",
		"hitpoints": 5,
		"id": "PlasmaHeavy",
		"lightWorld": 1,
		"longHit": 99,
		"longRange": 9984,
		"maxElevation": 90,
		"minElevation": -30,
		"minRange": 768,
		"minimumDamage": 33,
		"missGfx": "FXLExp.PIE",
		"model": "GNHPLASM.PIE",
		"mountModel": "TRHPLASM.PIE",
		"movement": "INDIRECT",
		"muzzleGfx": "FXHBLas.PIE",
		"name": "*Heavy Plasma Launcher*",
		"numExplosions": 2,
		"periodicalDamage": 100,
		"periodicalDamageRadius": 32,
		"periodicalDamageTime": 30,
		"radius": 256,
		"radiusDamage": 250,
		"radiusLife": 10,
		"recoilValue": 50,
		"rotate": 180,
		"shortHit": 40,
		"shortRange": 1920,
		"waterGfx": "FXMSplsh.PIE",
		"weaponClass": "HEAT",
		"weaponEffect": "FLAMER",
		"weaponSubClass": "FLAME",
		"weaponWav": "medcan.ogg",
		"weight": 10000
	},
	"QuadMg1AAGun": {
		"buildPoints": 400,
		"buildPower": 100,
		"damage": 40,
		"designable": 1,
		"effectSize": 20,
		"explosionWav": "smlexpl.ogg",
		"facePlayer": 1,
		"firePause": 6,
		"flags": "AirOnly",
		"flightGfx": "FXAALSHT.PIE",
		"flightSpeed": 1400,
		"hitGfx": "FXAIREXP.PIE",
		"hitpoints": 175,
		"id": "QuadMg1AAGun",
		"lightWorld": 1,
		"longHit": 75,
		"longRange": 2048,
		"maxElevation": 90,
		"minElevation": -45,
		"minimumDamage": 33,
		"missGfx": "FXAIREXP.PIE",
		"model": "gnlair.PIE",
		"mountModel": "TRMAIR.PIE",
		"movement": "HOMING-DIRECT",
		"muzzleGfx": "FXCan40m.PIE",
		"name": "Hurricane AA Turret",
		"numExplosions": 2,
		"radius": 64,
		"radiusDamage": 20,
		"radiusLife": 100,
		"recoilValue": 30,
		"rotate": 180,
		"shortHit": 80,
		"shortRange": 768,
		"waterGfx": "FXSSplsh.PIE",
		"weaponClass": "KINETIC",
		"weaponEffect": "ANTI AIRCRAFT",
		"weaponSubClass": "A-A GUN",
		"weaponWav": "mgbar2.ogg",
		"weight": 10000
	},
	"QuadRotAAGun": {
		"buildPoints": 1200,
		"buildPower": 150,
		"damage": 45,
		"designable": 1,
		"effectSize": 20,
		"explosionWav": "smlexpl.ogg",
		"facePlayer": 1,
		"firePause": 3,
		"flags": "AirOnly",
		"flightGfx": "FXAALSH2.PIE",
		"flightSpeed": 1500,
		"hitGfx": "FXAIREXP.PIE",
		"hitpoints": 200,
		"id": "QuadRotAAGun",
		"lightWorld": 1,
		"longHit": 75,
		"longRange": 2048,
		"maxElevation": 90,
		"minElevation": -45,
		"minimumDamage": 33,
		"missGfx": "FXAIREXP.PIE",
		"model": "gnhair2.PIE",
		"mountModel": "TRHAIR.PIE",
		"movement": "HOMING-DIRECT",
		"muzzleGfx": "FXCan40m.PIE",
		"name": "Whirlwind AA Turret",
		"numExplosions": 2,
		"radius": 64,
		"radiusDamage": 20,
		"radiusLife": 100,
		"recoilValue": 20,
		"rotate": 180,
		"shortHit": 80,
		"shortRange": 768,
		"waterGfx": "FXSSplsh.PIE",
		"weaponClass": "KINETIC",
		"weaponEffect": "ANTI AIRCRAFT",
		"weaponSubClass": "A-A GUN",
		"weaponWav": "asltmg.ogg",
		"weight": 10000
	},
	"RailGun1-VTOL": {
		"buildPoints": 1000,
		"buildPower": 250,
		"damage": 400,
		"designable": 1,
		"effectSize": 75,
		"explosionWav": "smlexpl.ogg",
		"facePlayer": 1,
		"firePause": 24,
		"flags": "ShootAir",
		"flightGfx": "FXGAmmo.PIE",
		"flightSpeed": 1200,
		"hitGfx": "FXFlecht.PIE",
		"hitpoints": 200,
		"id": "RailGun1-VTOL",
		"longHit": 70,
		"longRange": 1536,
		"minElevation": -60,
		"minimumDamage": 33,
		"missGfx": "FXFlecht.PIE",
		"model": "GNLGSS.PIE",
		"mountModel": "TRLGSS.PIE",
		"movement": "DIRECT",
		"muzzleGfx": "FXLGauss.PIE",
		"name": "VTOL Needle Gun",
		"numAttackRuns": 4,
		"numExplosions": 1,
		"rotate": 180,
		"shortHit": 80,
		"shortRange": 1024,
		"waterGfx": "FXFlecht.PIE",
		"weaponClass": "KINETIC",
		"weaponEffect": "ALL ROUNDER",
		"weaponSubClass": "GAUSS",
		"weaponWav": "gaussgun.ogg",
		"weight": 600
	},
	"RailGun1Mk1": {
		"buildPoints": 1000,
		"buildPower": 250,
		"damage": 200,
		"designable": 1,
		"effectSize": 100,
		"explosionWav": "gaussgun.ogg",
		"facePlayer": 1,
		"firePause": 24,
		"flightGfx": "FXGAmmo.PIE",
		"flightSpeed": 1200,
		"hitGfx": "FXFlecht.PIE",
		"hitpoints": 400,
		"id": "RailGun1Mk1",
		"longHit": 70,
		"longRange": 1536,
		"maxElevation": 90,
		"minElevation": -60,
		"minimumDamage": 33,
		"missGfx": "FXFlecht.PIE",
		"model": "GNLGSS.PIE",
		"mountModel": "TRLGSS.PIE",
		"movement": "DIRECT",
		"muzzleGfx": "FXLGauss.PIE",
		"name": "Needle Gun",
		"numExplosions": 1,
		"rotate": 180,
		"shortHit": 80,
		"shortRange": 1024,
		"waterGfx": "FXFlecht.PIE",
		"weaponClass": "KINETIC",
		"weaponEffect": "ALL ROUNDER",
		"weaponSubClass": "GAUSS",
		"weaponWav": "gaussgun.ogg",
		"weight": 400
	},
	"RailGun2-VTOL": {
		"buildPoints": 1200,
		"buildPower": 300,
		"damage": 600,
		"designable": 1,
		"effectSize": 100,
		"explosionWav": "lrgexpl.ogg",
		"facePlayer": 1,
		"firePause": 36,
		"flightGfx": "FXGammoM.PIE",
		"flightSpeed": 1100,
		"hitGfx": "Fxflech2.PIE",
		"hitpoints": 250,
		"id": "RailGun2-VTOL",
		"lightWorld": 1,
		"longHit": 70,
		"longRange": 1536,
		"minElevation": -60,
		"minimumDamage": 33,
		"missGfx": "Fxflech2.PIE",
		"model": "GNMGSS.PIE",
		"mountModel": "TRMGSS.PIE",
		"movement": "DIRECT",
		"muzzleGfx": "FXMGauss.PIE",
		"name": "VTOL Rail Gun",
		"numAttackRuns": 4,
		"numExplosions": 1,
		"rotate": 180,
		"shortHit": 80,
		"shortRange": 1024,
		"waterGfx": "FXMSWave.PIE",
		"weaponClass": "KINETIC",
		"weaponEffect": "ALL ROUNDER",
		"weaponSubClass": "GAUSS",
		"weaponWav": "gaussgun.ogg",
		"weight": 1000
	},
	"RailGun2Mk1": {
		"buildPoints": 1200,
		"buildPower": 300,
		"damage": 300,
		"designable": 1,
		"effectSize": 100,
		"explosionWav": "lrgexpl.ogg",
		"facePlayer": 1,
		"firePause": 36,
		"flightGfx": "FXGammoM.PIE",
		"flightSpeed": 1100,
		"hitGfx": "Fxflech2.PIE",
		"hitpoints": 500,
		"id": "RailGun2Mk1",
		"lightWorld": 1,
		"longHit": 70,
		"longRange": 1536,
		"maxElevation": 90,
		"minElevation": -60,
		"minimumDamage": 33,
		"missGfx": "Fxflech2.PIE",
		"model": "GNMGSS.PIE",
		"mountModel": "TRMGSS.PIE",
		"movement": "DIRECT",
		"muzzleGfx": "FXMGauss.PIE",
		"name": "Rail Gun",
		"numExplosions": 1,
		"rotate": 180,
		"shortHit": 80,
		"shortRange": 1024,
		"waterGfx": "FXMSWave.PIE",
		"weaponClass": "KINETIC",
		"weaponEffect": "ALL ROUNDER",
		"weaponSubClass": "GAUSS",
		"weaponWav": "gaussgun.ogg",
		"weight": 2000
	},
	"RailGun3Mk1": {
		"buildPoints": 1600,
		"buildPower": 400,
		"damage": 400,
		"designable": 1,
		"effectSize": 150,
		"explosionWav": "lrgexpl.ogg",
		"facePlayer": 1,
		"firePause": 48,
		"flightGfx": "FXGammoH.PIE",
		"flightSpeed": 900,
		"hitGfx": "Fxflech2.PIE",
		"hitpoints": 750,
		"id": "RailGun3Mk1",
		"lightWorld": 1,
		"longHit": 70,
		"longRange": 2048,
		"maxElevation": 90,
		"minElevation": -60,
		"minimumDamage": 33,
		"missGfx": "Fxflech2.PIE",
		"model": "GNHGSS.PIE",
		"mountModel": "TRHGSS.PIE",
		"movement": "DIRECT",
		"muzzleGfx": "FXHGauss.PIE",
		"name": "Gauss Cannon",
		"numExplosions": 1,
		"radiusDamage": 30,
		"radiusLife": 10,
		"recoilValue": 100,
		"rotate": 180,
		"shortHit": 80,
		"shortRange": 1536,
		"waterGfx": "FXVLSWav.PIE",
		"weaponClass": "KINETIC",
		"weaponEffect": "ANTI TANK",
		"weaponSubClass": "GAUSS",
		"weaponWav": "gaussgun.ogg",
		"weight": 5000
	},
	"Rocket-BB": {
		"buildPoints": 750,
		"buildPower": 150,
		"damage": 125,
		"designable": 1,
		"effectSize": 25,
		"explosionWav": "smlexpl.ogg",
		"facePlayer": 1,
		"firePause": 80,
		"flightGfx": "FXSPLME.PIE",
		"flightSpeed": 1200,
		"hitGfx": "FXGRDexl.PIE",
		"hitpoints": 5,
		"id": "Rocket-BB",
		"lightWorld": 1,
		"longHit": 70,
		"longRange": 1152,
		"maxElevation": 90,
		"minElevation": -60,
		"minRange": 128,
		"minimumDamage": 33,
		"missGfx": "FXGRDexl.PIE",
		"model": "Gnmrktbb.PIE",
		"mountModel": "TRMRKTBB.PIE",
		"movement": "DIRECT",
		"muzzleGfx": "FXLRocPd.PIE",
		"name": "Bunker Buster",
		"numExplosions": 2,
		"radiusLife": 10,
		"rotate": 180,
		"shortHit": 75,
		"shortRange": 512,
		"waterGfx": "FXSSplsh.PIE",
		"weaponClass": "KINETIC",
		"weaponEffect": "BUNKER BUSTER",
		"weaponSubClass": "SLOW ROCKET",
		"weaponWav": "rocket.ogg",
		"weight": 250
	},
	"Rocket-HvyA-T": {
		"buildPoints": 1250,
		"buildPower": 250,
		"damage": 180,
		"designable": 1,
		"effectSize": 75,
		"explosionWav": "lrgexpl.ogg",
		"facePlayer": 1,
		"firePause": 1,
		"flightGfx": "FXMPLME.PIE",
		"flightSpeed": 1000,
		"hitGfx": "FXGRDexl.PIE",
		"hitpoints": 5,
		"id": "Rocket-HvyA-T",
		"lightWorld": 1,
		"longHit": 60,
		"longRange": 1152,
		"maxElevation": 90,
		"minElevation": -60,
		"minRange": 128,
		"minimumDamage": 33,
		"missGfx": "FXGRDexl.PIE",
		"model": "Gnmrcktb.pie",
		"mountModel": "Trmrcktb.pie",
		"movement": "DIRECT",
		"muzzleGfx": "FXMRocAt.PIE",
		"name": "Tank Killer",
		"numExplosions": 2,
		"numRounds": 2,
		"radiusLife": 10,
		"reloadTime": 160,
		"rotate": 180,
		"shortHit": 65,
		"shortRange": 512,
		"waterGfx": "FXSSplsh.PIE",
		"weaponClass": "KINETIC",
		"weaponEffect": "ANTI TANK",
		"weaponSubClass": "SLOW ROCKET",
		"weaponWav": "rocket.ogg",
		"weight": 250
	},
	"Rocket-IDF": {
		"buildPoints": 1500,
		"buildPower": 300,
		"damage": 100,
		"designable": 1,
		"effectSize": 50,
		"explosionWav": "smlexpl.ogg",
		"facePlayer": 1,
		"fireOnMove": 0,
		"firePause": 1,
		"flightGfx": "FXHPLME.PIE",
		"flightSpeed": 1000,
		"hitGfx": "FXMNExp.PIE",
		"hitpoints": 5,
		"id": "Rocket-IDF",
		"lightWorld": 1,
		"longHit": 70,
		"longRange": 11008,
		"maxElevation": 90,
		"minElevation": -60,
		"minRange": 640,
		"minimumDamage": 33,
		"missGfx": "FXMNExp.PIE",
		"model": "GNHRCKT.PIE",
		"mountModel": "TRHRCKT.PIE",
		"movement": "INDIRECT",
		"muzzleGfx": "FXLRocPd.PIE",
		"name": "Ripple Rockets",
		"numExplosions": 2,
		"numRounds": 8,
		"radius": 64,
		"radiusDamage": 50,
		"reloadTime": 600,
		"shortHit": 60,
		"shortRange": 1024,
		"waterGfx": "FXSSplsh.PIE",
		"weaponClass": "KINETIC",
		"weaponEffect": "ANTI TANK",
		"weaponSubClass": "SLOW ROCKET",
		"weaponWav": "rocket.ogg",
		"weight": 10000
	},
	"Rocket-LtA-T": {
		"buildPoints": 500,
		"buildPower": 100,
		"damage": 120,
		"designable": 1,
		"effectSize": 50,
		"explosionWav": "smlexpl.ogg",
		"facePlayer": 1,
		"firePause": 1,
		"flightGfx": "FXMPLME.PIE",
		"flightSpeed": 1200,
		"hitGfx": "FXGRDexl.PIE",
		"hitpoints": 5,
		"id": "Rocket-LtA-T",
		"lightWorld": 1,
		"longHit": 60,
		"longRange": 1152,
		"maxElevation": 90,
		"minElevation": -60,
		"minRange": 128,
		"minimumDamage": 33,
		"missGfx": "FXGRDexl.PIE",
		"model": "GNMRCKTA.PIE",
		"mountModel": "TRMRCKTA.PIE",
		"movement": "DIRECT",
		"muzzleGfx": "FXMRocAt.PIE",
		"name": "Lancer",
		"numExplosions": 2,
		"numRounds": 2,
		"radiusLife": 10,
		"reloadTime": 120,
		"rotate": 180,
		"shortHit": 65,
		"shortRange": 512,
		"waterGfx": "FXSSplsh.PIE",
		"weaponClass": "KINETIC",
		"weaponEffect": "ANTI TANK",
		"weaponSubClass": "SLOW ROCKET",
		"weaponWav": "rocket.ogg",
		"weight": 250
	},
	"Rocket-MRL": {
		"buildPoints": 500,
		"buildPower": 100,
		"damage": 45,
		"designable": 1,
		"effectSize": 25,
		"explosionWav": "lrgexpl.ogg",
		"faceInFlight": 1,
		"facePlayer": 1,
		"firePause": 1,
		"flightGfx": "FXMflare.PIE",
		"flightSpeed": 1200,
		"hitGfx": "FXGRDexl.PIE",
		"hitpoints": 5,
		"id": "Rocket-MRL",
		"lightWorld": 1,
		"longHit": 50,
		"longRange": 1920,
		"maxElevation": 90,
		"minElevation": -60,
		"minRange": 128,
		"minimumDamage": 33,
		"missGfx": "FXGRDexl.PIE",
		"model": "GNMRCKT.PIE",
		"mountModel": "TRMRCKT.PIE",
		"movement": "INDIRECT",
		"muzzleGfx": "FXMRoc.PIE",
		"name": "Mini-Rocket Artillery",
		"numExplosions": 2,
		"numRounds": 8,
		"radius": 64,
		"radiusDamage": 30,
		"radiusLife": 10,
		"reloadTime": 375,
		"rotate": 180,
		"shortHit": 40,
		"shortRange": 960,
		"waterGfx": "FXSSplsh.PIE",
		"weaponClass": "KINETIC",
		"weaponEffect": "ARTILLERY ROUND",
		"weaponSubClass": "ROCKET",
		"weaponWav": "rocket.ogg",
		"weight": 250
	},
	"Rocket-Pod": {
		"buildPoints": 375,
		"buildPower": 75,
		"damage": 30,
		"designable": 1,
		"effectSize": 25,
		"explosionWav": "smlexpl.ogg",
		"faceInFlight": 1,
		"facePlayer": 1,
		"firePause": 12,
		"flightGfx": "FXMflare.PIE",
		"flightSpeed": 1500,
		"hitGfx": "FXMPExp.PIE",
		"hitpoints": 5,
		"id": "Rocket-Pod",
		"lightWorld": 1,
		"longHit": 50,
		"longRange": 1088,
		"maxElevation": 90,
		"minElevation": -60,
		"minRange": 128,
		"minimumDamage": 33,
		"missGfx": "FXMPExp.PIE",
		"model": "GNLRCKTP.PIE",
		"mountModel": "TRLRCKTP.PIE",
		"movement": "DIRECT",
		"muzzleGfx": "FXLRocPd.PIE",
		"name": "Mini-Rocket Pod",
		"numExplosions": 2,
		"radiusLife": 10,
		"recoilValue": 10,
		"rotate": 180,
		"shortHit": 60,
		"shortRange": 640,
		"waterGfx": "FXSSplsh.PIE",
		"weaponClass": "KINETIC",
		"weaponEffect": "ANTI TANK",
		"weaponSubClass": "ROCKET",
		"weaponWav": "rocket.ogg",
		"weight": 200
	},
	"Rocket-VTOL-BB": {
		"buildPoints": 750,
		"buildPower": 150,
		"damage": 250,
		"designable": 1,
		"effectSize": 25,
		"explosionWav": "smlexpl.ogg",
		"facePlayer": 1,
		"firePause": 80,
		"flightGfx": "FXSPLME.PIE",
		"flightSpeed": 1200,
		"hitGfx": "FXGRDexl.PIE",
		"hitpoints": 5,
		"id": "Rocket-VTOL-BB",
		"lightWorld": 1,
		"longHit": 70,
		"longRange": 1152,
		"maxElevation": 20,
		"minElevation": -60,
		"minRange": 128,
		"minimumDamage": 33,
		"missGfx": "FXGRDexl.PIE",
		"model": "Gnmrktbb.PIE",
		"mountModel": "TRMRKTBB.PIE",
		"movement": "DIRECT",
		"muzzleGfx": "FXLRocPd.PIE",
		"name": "VTOL Bunker Buster",
		"numAttackRuns": 2,
		"numExplosions": 2,
		"radiusLife": 10,
		"rotate": 180,
		"shortHit": 75,
		"shortRange": 512,
		"waterGfx": "FXSSplsh.PIE",
		"weaponClass": "KINETIC",
		"weaponEffect": "BUNKER BUSTER",
		"weaponSubClass": "SLOW ROCKET",
		"weaponWav": "rocket.ogg",
		"weight": 750
	},
	"Rocket-VTOL-HvyA-T": {
		"buildPoints": 1250,
		"buildPower": 250,
		"damage": 360,
		"designable": 1,
		"effectSize": 75,
		"explosionWav": "lrgexpl.ogg",
		"facePlayer": 1,
		"firePause": 1,
		"flags": "ShootAir",
		"flightGfx": "FXMPLME.PIE",
		"flightSpeed": 1000,
		"hitGfx": "FXMExp.PIE",
		"hitpoints": 5,
		"id": "Rocket-VTOL-HvyA-T",
		"lightWorld": 1,
		"longHit": 60,
		"longRange": 1152,
		"maxElevation": 90,
		"minElevation": -60,
		"minRange": 128,
		"minimumDamage": 33,
		"missGfx": "FXMExp.PIE",
		"model": "Gnmrcktb.PIE",
		"mountModel": "Trmrcktb.PIE",
		"movement": "DIRECT",
		"muzzleGfx": "FXMRocAt.PIE",
		"name": "VTOL Tank Killer",
		"numAttackRuns": 1,
		"numExplosions": 2,
		"numRounds": 2,
		"radiusLife": 10,
		"reloadTime": 160,
		"rotate": 180,
		"shortHit": 65,
		"shortRange": 512,
		"waterGfx": "FXSSplsh.PIE",
		"weaponClass": "KINETIC",
		"weaponEffect": "ANTI TANK",
		"weaponSubClass": "SLOW ROCKET",
		"weaponWav": "rocket.ogg",
		"weight": 750
	},
	"Rocket-VTOL-LtA-T": {
		"buildPoints": 500,
		"buildPower": 100,
		"damage": 240,
		"designable": 1,
		"effectSize": 50,
		"explosionWav": "smlexpl.ogg",
		"facePlayer": 1,
		"firePause": 1,
		"flags": "ShootAir",
		"flightGfx": "FXMPLME.PIE",
		"flightSpeed": 1200,
		"hitGfx": "FXGRDexl.PIE",
		"hitpoints": 5,
		"id": "Rocket-VTOL-LtA-T",
		"lightWorld": 1,
		"longHit": 60,
		"longRange": 1152,
		"maxElevation": 90,
		"minElevation": -60,
		"minRange": 128,
		"minimumDamage": 33,
		"missGfx": "FXGRDexl.PIE",
		"model": "GNMRCKTA.PIE",
		"mountModel": "TRMRCKTA.PIE",
		"movement": "DIRECT",
		"muzzleGfx": "FXMRocAt.PIE",
		"name": "VTOL Lancer",
		"numAttackRuns": 1,
		"numExplosions": 2,
		"numRounds": 2,
		"radiusLife": 10,
		"reloadTime": 120,
		"rotate": 180,
		"shortHit": 65,
		"shortRange": 512,
		"waterGfx": "FXSSplsh.PIE",
		"weaponClass": "KINETIC",
		"weaponEffect": "ANTI TANK",
		"weaponSubClass": "SLOW ROCKET",
		"weaponWav": "rocket.ogg",
		"weight": 250
	},
	"Rocket-VTOL-Pod": {
		"buildPoints": 375,
		"buildPower": 75,
		"damage": 60,
		"designable": 1,
		"effectSize": 25,
		"explosionWav": "smlexpl.ogg",
		"faceInFlight": 1,
		"facePlayer": 1,
		"firePause": 5,
		"flags": "ShootAir",
		"flightGfx": "FXMflare.PIE",
		"flightSpeed": 1500,
		"hitGfx": "FXMPExp.PIE",
		"hitpoints": 5,
		"id": "Rocket-VTOL-Pod",
		"lightWorld": 1,
		"longHit": 50,
		"longRange": 960,
		"maxElevation": 20,
		"minElevation": -60,
		"minRange": 128,
		"minimumDamage": 33,
		"missGfx": "FXMPExp.PIE",
		"model": "GNLRCKTP.PIE",
		"mountModel": "TRLRCKTP.PIE",
		"movement": "DIRECT",
		"muzzleGfx": "FXLRocPd.PIE",
		"name": "VTOL Mini-Rocket",
		"numAttackRuns": 4,
		"numExplosions": 2,
		"radiusLife": 10,
		"recoilValue": 10,
		"rotate": 180,
		"shortHit": 70,
		"shortRange": 640,
		"waterGfx": "FXSSplsh.PIE",
		"weaponClass": "KINETIC",
		"weaponEffect": "ANTI TANK",
		"weaponSubClass": "ROCKET",
		"weaponWav": "rocket.ogg",
		"weight": 200
	},
	"SpyTurret01": {
		"buildPoints": 375,
		"buildPower": 75,
		"damage": 1,
		"effectSize": 100,
		"faceInFlight": 1,
		"facePlayer": 1,
		"fireOnMove": 0,
		"firePause": 10,
		"flightGfx": "FXMflare.PIE",
		"flightSpeed": 1200,
		"hitGfx": "FXMPExp.PIE",
		"hitpoints": 999,
		"id": "SpyTurret01",
		"longHit": 100,
		"longRange": 384,
		"maxElevation": 90,
		"minElevation": -60,
		"minimumDamage": 33,
		"missGfx": "FXMPExp.PIE",
		"model": "GNHECM3.PIE",
		"mountModel": "TRHECM3.PIE",
		"movement": "DIRECT",
		"muzzleGfx": "FXLRocPd.PIE",
		"name": "Scrambler Turret",
		"rotate": 180,
		"shortHit": 100,
		"shortRange": 384,
		"waterGfx": "FXSSplsh.PIE",
		"weaponClass": "KINETIC",
		"weaponEffect": "ANTI PERSONNEL",
		"weaponSubClass": "ELECTRONIC",
		"weaponWav": "rotlsr.ogg"
	},
	"Superweapon": {
		"buildPoints": 50,
		"buildPower": 10,
		"damage": 9999,
		"effectSize": 25,
		"facePlayer": 1,
		"firePause": 4,
		"flightGfx": "FXTracer.PIE",
		"flightSpeed": 1000,
		"hitGfx": "FXGRDexl.PIE",
		"hitpoints": 9999,
		"id": "Superweapon",
		"longHit": 90,
		"longRange": 768,
		"maxElevation": 90,
		"minElevation": -60,
		"minimumDamage": 33,
		"missGfx": "FXDIRTsp.PIE",
		"model": "GNLMG1.PIE",
		"mountModel": "TRLMG1.PIE",
		"movement": "DIRECT",
		"muzzleGfx": "FXLMgun.PIE",
		"name": "*Kevs Super Weapon*",
		"numExplosions": 1,
		"radius": 64,
		"radiusDamage": 1000,
		"radiusLife": 100,
		"recoilValue": 20,
		"rotate": 180,
		"shortHit": 99,
		"shortRange": 512,
		"waterGfx": "FXSSplsh.PIE",
		"weaponClass": "KINETIC",
		"weaponEffect": "ANTI TANK",
		"weaponSubClass": "MACHINE GUN",
		"weaponWav": "mgbar2.ogg",
		"weight": 100
	},
	"Superweapon2": {
		"buildPoints": 50,
		"buildPower": 10,
		"damage": 9999,
		"effectSize": 25,
		"facePlayer": 1,
		"firePause": 4,
		"flightGfx": "FXTracer.PIE",
		"flightSpeed": 1000,
		"hitGfx": "FXGRDexl.PIE",
		"hitpoints": 9999,
		"id": "Superweapon2",
		"longHit": 1,
		"longRange": 768,
		"maxElevation": 90,
		"minElevation": -60,
		"minimumDamage": 33,
		"missGfx": "FXDIRTsp.PIE",
		"model": "GNLMG1.PIE",
		"mountModel": "TRLMG1.PIE",
		"movement": "DIRECT",
		"muzzleGfx": "FXLMgun.PIE",
		"name": "*Alexs Super Weapon*",
		"numExplosions": 1,
		"radius": 1000,
		"radiusDamage": 1000,
		"radiusLife": 100,
		"recoilValue": 20,
		"rotate": 180,
		"shortHit": 2,
		"shortRange": 512,
		"waterGfx": "FXSSplsh.PIE",
		"weaponClass": "KINETIC",
		"weaponEffect": "ANTI TANK",
		"weaponSubClass": "CANNON",
		"weaponWav": "mgbar2.ogg",
		"weight": 100
	},
	"ZNULLWEAPON": {
		"buildPoints": 250,
		"effectSize": 100,
		"faceInFlight": 1,
		"facePlayer": 1,
		"fireOnMove": 0,
		"flightGfx": "FXMflare.PIE",
		"hitGfx": "FXMPExp.PIE",
		"id": "ZNULLWEAPON",
		"longHit": 0,
		"maxElevation": 90,
		"minElevation": -30,
		"minimumDamage": 33,
		"missGfx": "FXMPExp.PIE",
		"model": "znullgun.PIE",
		"mountModel": "znullturret.PIE",
		"movement": "DIRECT",
		"muzzleGfx": "FXLRocPd.PIE",
		"name": "*Z NULL Weapon*",
		"numExplosions": 1,
		"recoilValue": 100,
		"shortHit": 0,
		"waterGfx": "FXSSplsh.PIE",
		"weaponClass": "KINETIC",
		"weaponEffect": "ANTI PERSONNEL",
		"weaponSubClass": "MACHINE GUN"
	}
}
