{
	"BaBaLegs": {
		"buildPoints": 15,
		"deceleration": 450,
		"id": "BaBaLegs",
		"name": "BaBaLegs",
		"speed": 200,
		"spinAngle": 45,
		"spinSpeed": 450,
		"turnSpeed": 225,
		"type": "Legged",
		"weight": 10
	},
	"BaBaProp": {
		"buildPoints": 15,
		"id": "BaBaProp",
		"name": "BaBaProp",
		"speed": 200,
		"type": "Wheeled",
		"weight": 10
	},
	"CyborgLegs": {
		"buildPoints": 50,
		"buildPower": 10,
		"deceleration": 450,
		"hitpointPctOfBody": 50,
		"id": "CyborgLegs",
		"name": "Cyborg Propulsion",
		"speed": 400,
		"spinAngle": 45,
		"spinSpeed": 450,
		"turnSpeed": 225,
		"type": "Legged",
		"weight": 100
	},
	"CyborgLegs02": {
		"buildPoints": 50,
		"buildPower": 10,
		"deceleration": 450,
		"hitpointPctOfBody": 100,
		"id": "CyborgLegs02",
		"name": "Cyborg Propulsion II",
		"speed": 400,
		"spinAngle": 45,
		"spinSpeed": 450,
		"turnSpeed": 225,
		"type": "Legged",
		"weight": 100
	},
	"CyborgLegs03": {
		"buildPoints": 50,
		"buildPower": 10,
		"deceleration": 450,
		"hitpointPctOfBody": 150,
		"id": "CyborgLegs03",
		"name": "Cyborg Propulsion III",
		"speed": 400,
		"spinAngle": 45,
		"spinSpeed": 450,
		"turnSpeed": 225,
		"type": "Legged",
		"weight": 100
	},
	"HalfTrack": {
		"buildPoints": 75,
		"buildPower": 75,
		"designable": 1,
		"hitpointPctOfBody": 200,
		"id": "HalfTrack",
		"model": "prlhtr1.pie",
		"name": "Half-tracks",
		"skidDeceleration": 500,
		"speed": 150,
		"type": "Half-Tracked",
		"weight": 400
	},
	"HalfTrack02": {
		"buildPoints": 75,
		"buildPower": 100,
		"designable": 1,
		"hitpointPctOfBody": 350,
		"id": "HalfTrack02",
		"model": "prlhtr1.pie",
		"name": "Half-tracks II",
		"skidDeceleration": 500,
		"speed": 150,
		"type": "Half-Tracked",
		"weight": 350
	},
	"HalfTrack03": {
		"buildPoints": 75,
		"buildPower": 125,
		"designable": 1,
		"hitpointPctOfBody": 500,
		"id": "HalfTrack03",
		"model": "prlhtr1.pie",
		"name": "Half-tracks III",
		"skidDeceleration": 500,
		"speed": 150,
		"type": "Half-Tracked",
		"weight": 300
	},
	"V-Tol": {
		"acceleration": 200,
		"buildPoints": 125,
		"buildPower": 150,
		"deceleration": 200,
		"designable": 1,
		"hitpointPctOfBody": 100,
		"id": "V-Tol",
		"model": "DPVTOL.PIE",
		"name": "VTOL",
		"speed": 700,
		"spinSpeed": 200,
		"turnSpeed": 100,
		"type": "Lift",
		"weight": 50
	},
	"V-Tol02": {
		"acceleration": 200,
		"buildPoints": 125,
		"buildPower": 250,
		"deceleration": 200,
		"designable": 1,
		"hitpointPctOfBody": 150,
		"id": "V-Tol02",
		"model": "DPVTOL.PIE",
		"name": "VTOL II",
		"speed": 800,
		"spinSpeed": 200,
		"turnSpeed": 100,
		"type": "Lift",
		"weight": 50
	},
	"V-Tol03": {
		"acceleration": 200,
		"buildPoints": 125,
		"buildPower": 300,
		"deceleration": 200,
		"designable": 1,
		"hitpointPctOfBody": 300,
		"id": "V-Tol03",
		"model": "DPVTOL.PIE",
		"name": "VTOL III",
		"speed": 800,
		"spinSpeed": 200,
		"turnSpeed": 100,
		"type": "Lift",
		"weight": 50
	},
	"ZNULLPROP": {
		"id": "ZNULLPROP",
		"model": "znulltracks.pie",
		"name": "Z NULL PROP",
		"type": "Wheeled"
	},
	"hover01": {
		"buildPoints": 100,
		"buildPower": 100,
		"designable": 1,
		"hitpointPctOfBody": 150,
		"id": "hover01",
		"model": "PRLHOV1.PIE",
		"name": "Hover",
		"skidDeceleration": 120,
		"speed": 200,
		"type": "Hover",
		"weight": 200
	},
	"hover02": {
		"buildPoints": 100,
		"buildPower": 150,
		"designable": 1,
		"hitpointPctOfBody": 200,
		"id": "hover02",
		"model": "PRLHOV1.PIE",
		"name": "Hover II",
		"skidDeceleration": 120,
		"speed": 225,
		"type": "Hover",
		"weight": 150
	},
	"hover03": {
		"buildPoints": 100,
		"buildPower": 200,
		"designable": 1,
		"hitpointPctOfBody": 300,
		"id": "hover03",
		"model": "PRLHOV1.PIE",
		"name": "Hover III",
		"skidDeceleration": 120,
		"speed": 200,
		"type": "Hover",
		"weight": 100
	},
	"tracked01": {
		"buildPoints": 125,
		"buildPower": 125,
		"designable": 1,
		"hitpointPctOfBody": 400,
		"id": "tracked01",
		"model": "prltrk1.pie",
		"name": "Tracks",
		"speed": 125,
		"spinAngle": 45,
		"type": "Tracked",
		"weight": 650
	},
	"tracked02": {
		"buildPoints": 125,
		"buildPower": 200,
		"designable": 1,
		"hitpointPctOfBody": 600,
		"id": "tracked02",
		"model": "prltrk1.pie",
		"name": "Tracks II",
		"speed": 125,
		"spinAngle": 45,
		"type": "Tracked",
		"weight": 600
	},
	"tracked03": {
		"buildPoints": 125,
		"buildPower": 275,
		"designable": 1,
		"hitpointPctOfBody": 800,
		"id": "tracked03",
		"model": "prltrk1.pie",
		"name": "Tracks III",
		"speed": 125,
		"spinAngle": 45,
		"type": "Tracked",
		"weight": 550
	},
	"wheeled01": {
		"buildPoints": 50,
		"buildPower": 50,
		"designable": 1,
		"hitpointPctOfBody": 100,
		"id": "wheeled01",
		"model": "prlwhl1.pie",
		"name": "Wheels",
		"skidDeceleration": 350,
		"speed": 175,
		"type": "Wheeled",
		"weight": 300
	},
	"wheeled02": {
		"buildPoints": 50,
		"buildPower": 100,
		"designable": 1,
		"hitpointPctOfBody": 200,
		"id": "wheeled02",
		"model": "prlwhl1.pie",
		"name": "Wheels II",
		"skidDeceleration": 350,
		"speed": 175,
		"type": "Wheeled",
		"weight": 250
	},
	"wheeled03": {
		"buildPoints": 50,
		"buildPower": 150,
		"designable": 1,
		"hitpointPctOfBody": 300,
		"id": "wheeled03",
		"model": "prlwhl1.pie",
		"name": "Wheels III",
		"skidDeceleration": 350,
		"speed": 175,
		"type": "Wheeled",
		"weight": 200
	}
}
